alpha,attack_type,system,accuracy,seed
0.5,fltrust_aligned,Discrete+AdaAggRL-detector(random),0.8884000000000001,42
0.5,trim_attack,Discrete+AdaAggRL-detector(random),0.8744999999999999,42
0.5,krum_collusion,Discrete+AdaAggRL-detector(random),0.8848,42
0.5,low_mag_backdoor,Discrete+AdaAggRL-detector(random),0.8422000000000001,42
0.5,sign_flipping,Discrete+AdaAggRL-detector(random),0.7996000000000001,42
0.5,gaussian_noise,Discrete+AdaAggRL-detector(random),0.7788999999999999,42
0.5,label_flipping,Discrete+AdaAggRL-detector(random),0.8685,42
0.1,fltrust_aligned,Discrete+AdaAggRL-detector(random),0.7479000000000001,42
0.1,trim_attack,Discrete+AdaAggRL-detector(random),0.4829,42
0.1,krum_collusion,Discrete+AdaAggRL-detector(random),0.6403,42
0.1,low_mag_backdoor,Discrete+AdaAggRL-detector(random),0.8545999999999999,42
0.1,sign_flipping,Discrete+AdaAggRL-detector(random),0.6058999999999999,42
0.1,gaussian_noise,Discrete+AdaAggRL-detector(random),0.6615,42
0.1,label_flipping,Discrete+AdaAggRL-detector(random),0.7337,42
0.05,fltrust_aligned,Discrete+AdaAggRL-detector(random),0.7579999999999999,42
0.05,trim_attack,Discrete+AdaAggRL-detector(random),0.6086,42
0.05,krum_collusion,Discrete+AdaAggRL-detector(random),0.5900000000000001,42
0.05,low_mag_backdoor,Discrete+AdaAggRL-detector(random),0.7175,42
0.05,sign_flipping,Discrete+AdaAggRL-detector(random),0.5495,42
0.05,gaussian_noise,Discrete+AdaAggRL-detector(random),0.5479999999999999,42
0.05,label_flipping,Discrete+AdaAggRL-detector(random),0.4358000000000001,42
0.5,fltrust_aligned,Discrete+AdaAggRL-detector(random),0.8864000000000001,43
0.5,trim_attack,Discrete+AdaAggRL-detector(random),0.8747999999999999,43
0.5,krum_collusion,Discrete+AdaAggRL-detector(random),0.8867,43
0.5,low_mag_backdoor,Discrete+AdaAggRL-detector(random),0.8390000000000001,43
0.5,sign_flipping,Discrete+AdaAggRL-detector(random),0.8276,43
0.5,gaussian_noise,Discrete+AdaAggRL-detector(random),0.789,43
0.5,label_flipping,Discrete+AdaAggRL-detector(random),0.8741,43
0.1,fltrust_aligned,Discrete+AdaAggRL-detector(random),0.8637,43
0.1,trim_attack,Discrete+AdaAggRL-detector(random),0.4953,43
0.1,krum_collusion,Discrete+AdaAggRL-detector(random),0.6489,43
0.1,low_mag_backdoor,Discrete+AdaAggRL-detector(random),0.8541999999999998,43
0.1,sign_flipping,Discrete+AdaAggRL-detector(random),0.6094,43
0.1,gaussian_noise,Discrete+AdaAggRL-detector(random),0.6096,43
0.1,label_flipping,Discrete+AdaAggRL-detector(random),0.7384000000000001,43
0.05,fltrust_aligned,Discrete+AdaAggRL-detector(random),0.7365,43
0.05,trim_attack,Discrete+AdaAggRL-detector(random),0.6057,43
0.05,krum_collusion,Discrete+AdaAggRL-detector(random),0.6776,43
0.05,low_mag_backdoor,Discrete+AdaAggRL-detector(random),0.7196,43
0.05,sign_flipping,Discrete+AdaAggRL-detector(random),0.5503000000000002,43
0.05,gaussian_noise,Discrete+AdaAggRL-detector(random),0.5761,43
0.05,label_flipping,Discrete+AdaAggRL-detector(random),0.4345,43
0.5,fltrust_aligned,Discrete+AdaAggRL-detector(random),0.8867,44
0.5,trim_attack,Discrete+AdaAggRL-detector(random),0.8412,44
0.5,krum_collusion,Discrete+AdaAggRL-detector(random),0.8873,44
0.5,low_mag_backdoor,Discrete+AdaAggRL-detector(random),0.8443999999999999,44
0.5,sign_flipping,Discrete+AdaAggRL-detector(random),0.8297000000000001,44
0.5,gaussian_noise,Discrete+AdaAggRL-detector(random),0.655,44
0.5,label_flipping,Discrete+AdaAggRL-detector(random),0.8798,44
0.1,fltrust_aligned,Discrete+AdaAggRL-detector(random),0.7499,44
0.1,trim_attack,Discrete+AdaAggRL-detector(random),0.4646,44
0.1,krum_collusion,Discrete+AdaAggRL-detector(random),0.6429,44
0.1,low_mag_backdoor,Discrete+AdaAggRL-detector(random),0.8536999999999999,44
0.1,sign_flipping,Discrete+AdaAggRL-detector(random),0.6066,44
0.1,gaussian_noise,Discrete+AdaAggRL-detector(random),0.6912,44
0.1,label_flipping,Discrete+AdaAggRL-detector(random),0.7394999999999999,44
0.05,fltrust_aligned,Discrete+AdaAggRL-detector(random),0.7654,44
0.05,trim_attack,Discrete+AdaAggRL-detector(random),0.6095999999999999,44
0.05,krum_collusion,Discrete+AdaAggRL-detector(random),0.674,44
0.05,low_mag_backdoor,Discrete+AdaAggRL-detector(random),0.7166999999999999,44
0.05,sign_flipping,Discrete+AdaAggRL-detector(random),0.5479,44
0.05,gaussian_noise,Discrete+AdaAggRL-detector(random),0.5772999999999999,44
0.05,label_flipping,Discrete+AdaAggRL-detector(random),0.4346,44
0.5,fltrust_aligned,Discrete+AdaAggRL-detector(random),0.8901,45
0.5,trim_attack,Discrete+AdaAggRL-detector(random),0.873,45
0.5,krum_collusion,Discrete+AdaAggRL-detector(random),0.8863999999999999,45
0.5,low_mag_backdoor,Discrete+AdaAggRL-detector(random),0.8397,45
0.5,sign_flipping,Discrete+AdaAggRL-detector(random),0.8317,45
0.5,gaussian_noise,Discrete+AdaAggRL-detector(random),0.7902,45
0.5,label_flipping,Discrete+AdaAggRL-detector(random),0.8766,45
0.1,fltrust_aligned,Discrete+AdaAggRL-detector(random),0.8563000000000001,45
0.1,trim_attack,Discrete+AdaAggRL-detector(random),0.5251000000000001,45
0.1,krum_collusion,Discrete+AdaAggRL-detector(random),0.6345,45
0.1,low_mag_backdoor,Discrete+AdaAggRL-detector(random),0.8487,45
0.1,sign_flipping,Discrete+AdaAggRL-detector(random),0.6108999999999999,45
0.1,gaussian_noise,Discrete+AdaAggRL-detector(random),0.651,45
0.1,label_flipping,Discrete+AdaAggRL-detector(random),0.7432,45
0.05,fltrust_aligned,Discrete+AdaAggRL-detector(random),0.7465,45
0.05,trim_attack,Discrete+AdaAggRL-detector(random),0.6069,45
0.05,krum_collusion,Discrete+AdaAggRL-detector(random),0.4476,45
0.05,low_mag_backdoor,Discrete+AdaAggRL-detector(random),0.7191,45
0.05,sign_flipping,Discrete+AdaAggRL-detector(random),0.5563,45
0.05,gaussian_noise,Discrete+AdaAggRL-detector(random),0.4303,45
0.05,label_flipping,Discrete+AdaAggRL-detector(random),0.4365,45
0.5,fltrust_aligned,Discrete+AdaAggRL-detector(random),0.8884000000000001,46
0.5,trim_attack,Discrete+AdaAggRL-detector(random),0.8714000000000001,46
0.5,krum_collusion,Discrete+AdaAggRL-detector(random),0.8698,46
0.5,low_mag_backdoor,Discrete+AdaAggRL-detector(random),0.8402999999999998,46
0.5,sign_flipping,Discrete+AdaAggRL-detector(random),0.8281000000000001,46
0.5,gaussian_noise,Discrete+AdaAggRL-detector(random),0.7722,46
0.5,label_flipping,Discrete+AdaAggRL-detector(random),0.8783999999999998,46
0.1,fltrust_aligned,Discrete+AdaAggRL-detector(random),0.7843,46
0.1,trim_attack,Discrete+AdaAggRL-detector(random),0.4581999999999999,46
0.1,krum_collusion,Discrete+AdaAggRL-detector(random),0.6531,46
0.1,low_mag_backdoor,Discrete+AdaAggRL-detector(random),0.8539999999999999,46
0.1,sign_flipping,Discrete+AdaAggRL-detector(random),0.6205,46
0.1,gaussian_noise,Discrete+AdaAggRL-detector(random),0.6300000000000001,46
0.1,label_flipping,Discrete+AdaAggRL-detector(random),0.7337999999999999,46
0.05,fltrust_aligned,Discrete+AdaAggRL-detector(random),0.7539,46
0.05,trim_attack,Discrete+AdaAggRL-detector(random),0.607,46
0.05,krum_collusion,Discrete+AdaAggRL-detector(random),0.681,46
0.05,low_mag_backdoor,Discrete+AdaAggRL-detector(random),0.8587999999999999,46
0.05,sign_flipping,Discrete+AdaAggRL-detector(random),0.5508000000000001,46
0.05,gaussian_noise,Discrete+AdaAggRL-detector(random),0.4772,46
0.05,label_flipping,Discrete+AdaAggRL-detector(random),0.7035,46
0.5,fltrust_aligned,Discrete+AdaAggRL-detector(random),0.8864000000000001,47
0.5,trim_attack,Discrete+AdaAggRL-detector(random),0.8603,47
0.5,krum_collusion,Discrete+AdaAggRL-detector(random),0.8842000000000001,47
0.5,low_mag_backdoor,Discrete+AdaAggRL-detector(random),0.9021,47
0.5,sign_flipping,Discrete+AdaAggRL-detector(random),0.8276999999999999,47
0.5,gaussian_noise,Discrete+AdaAggRL-detector(random),0.8004,47
0.5,label_flipping,Discrete+AdaAggRL-detector(random),0.8779999999999999,47
0.1,fltrust_aligned,Discrete+AdaAggRL-detector(random),0.7833000000000001,47
0.1,trim_attack,Discrete+AdaAggRL-detector(random),0.4643,47
0.1,krum_collusion,Discrete+AdaAggRL-detector(random),0.6452000000000001,47
0.1,low_mag_backdoor,Discrete+AdaAggRL-detector(random),0.8504999999999999,47
0.1,sign_flipping,Discrete+AdaAggRL-detector(random),0.6102,47
0.1,gaussian_noise,Discrete+AdaAggRL-detector(random),0.6435000000000001,47
0.1,label_flipping,Discrete+AdaAggRL-detector(random),0.742,47
0.05,fltrust_aligned,Discrete+AdaAggRL-detector(random),0.7339,47
0.05,trim_attack,Discrete+AdaAggRL-detector(random),0.61,47
0.05,krum_collusion,Discrete+AdaAggRL-detector(random),0.6795,47
0.05,low_mag_backdoor,Discrete+AdaAggRL-detector(random),0.7186,47
0.05,sign_flipping,Discrete+AdaAggRL-detector(random),0.5488999999999999,47
0.05,gaussian_noise,Discrete+AdaAggRL-detector(random),0.4923,47
0.05,label_flipping,Discrete+AdaAggRL-detector(random),0.4393999999999999,47
0.5,fltrust_aligned,Discrete+AdaAggRL-detector(random),0.8854,48
0.5,trim_attack,Discrete+AdaAggRL-detector(random),0.8568000000000001,48
0.5,krum_collusion,Discrete+AdaAggRL-detector(random),0.8703,48
0.5,low_mag_backdoor,Discrete+AdaAggRL-detector(random),0.902,48
0.5,sign_flipping,Discrete+AdaAggRL-detector(random),0.8265,48
0.5,gaussian_noise,Discrete+AdaAggRL-detector(random),0.8056999999999999,48
0.5,label_flipping,Discrete+AdaAggRL-detector(random),0.8792,48
0.1,fltrust_aligned,Discrete+AdaAggRL-detector(random),0.7647,48
0.1,trim_attack,Discrete+AdaAggRL-detector(random),0.5328,48
0.1,krum_collusion,Discrete+AdaAggRL-detector(random),0.6394,48
0.1,low_mag_backdoor,Discrete+AdaAggRL-detector(random),0.8505,48
0.1,sign_flipping,Discrete+AdaAggRL-detector(random),0.6171,48
0.1,gaussian_noise,Discrete+AdaAggRL-detector(random),0.673,48
0.1,label_flipping,Discrete+AdaAggRL-detector(random),0.741,48
0.05,fltrust_aligned,Discrete+AdaAggRL-detector(random),0.7510999999999999,48
0.05,trim_attack,Discrete+AdaAggRL-detector(random),0.6079,48
0.05,krum_collusion,Discrete+AdaAggRL-detector(random),0.6778,48
0.05,low_mag_backdoor,Discrete+AdaAggRL-detector(random),0.7175999999999999,48
0.05,sign_flipping,Discrete+AdaAggRL-detector(random),0.5544,48
0.05,gaussian_noise,Discrete+AdaAggRL-detector(random),0.5822999999999999,48
0.05,label_flipping,Discrete+AdaAggRL-detector(random),0.4330999999999999,48
0.5,fltrust_aligned,Discrete+AdaAggRL-detector(random),0.8876000000000002,49
0.5,trim_attack,Discrete+AdaAggRL-detector(random),0.8731,49
0.5,krum_collusion,Discrete+AdaAggRL-detector(random),0.885,49
0.5,low_mag_backdoor,Discrete+AdaAggRL-detector(random),0.8868,49
0.5,sign_flipping,Discrete+AdaAggRL-detector(random),0.8311999999999999,49
0.5,gaussian_noise,Discrete+AdaAggRL-detector(random),0.8009999999999999,49
0.5,label_flipping,Discrete+AdaAggRL-detector(random),0.8785999999999999,49
0.1,fltrust_aligned,Discrete+AdaAggRL-detector(random),0.7798,49
0.1,trim_attack,Discrete+AdaAggRL-detector(random),0.4643,49
0.1,krum_collusion,Discrete+AdaAggRL-detector(random),0.6456999999999999,49
0.1,low_mag_backdoor,Discrete+AdaAggRL-detector(random),0.8536999999999999,49
0.1,sign_flipping,Discrete+AdaAggRL-detector(random),0.6102,49
0.1,gaussian_noise,Discrete+AdaAggRL-detector(random),0.6263,49
0.1,label_flipping,Discrete+AdaAggRL-detector(random),0.7375999999999999,49
0.05,fltrust_aligned,Discrete+AdaAggRL-detector(random),0.763,49
0.05,trim_attack,Discrete+AdaAggRL-detector(random),0.6094,49
0.05,krum_collusion,Discrete+AdaAggRL-detector(random),0.6788,49
0.05,low_mag_backdoor,Discrete+AdaAggRL-detector(random),0.7175,49
0.05,sign_flipping,Discrete+AdaAggRL-detector(random),0.5557000000000001,49
0.05,gaussian_noise,Discrete+AdaAggRL-detector(random),0.4916,49
0.05,label_flipping,Discrete+AdaAggRL-detector(random),0.4347999999999999,49
0.5,fltrust_aligned,Discrete+AdaAggRL-detector(random),0.8873,50
0.5,trim_attack,Discrete+AdaAggRL-detector(random),0.8511999999999998,50
0.5,krum_collusion,Discrete+AdaAggRL-detector(random),0.8864000000000001,50
0.5,low_mag_backdoor,Discrete+AdaAggRL-detector(random),0.8419999999999999,50
0.5,sign_flipping,Discrete+AdaAggRL-detector(random),0.8282,50
0.5,gaussian_noise,Discrete+AdaAggRL-detector(random),0.8058,50
0.5,label_flipping,Discrete+AdaAggRL-detector(random),0.8795,50
0.1,fltrust_aligned,Discrete+AdaAggRL-detector(random),0.7463,50
0.1,trim_attack,Discrete+AdaAggRL-detector(random),0.4558,50
0.1,krum_collusion,Discrete+AdaAggRL-detector(random),0.6506000000000001,50
0.1,low_mag_backdoor,Discrete+AdaAggRL-detector(random),0.8544,50
0.1,sign_flipping,Discrete+AdaAggRL-detector(random),0.6955,50
0.1,gaussian_noise,Discrete+AdaAggRL-detector(random),0.6338999999999999,50
0.1,label_flipping,Discrete+AdaAggRL-detector(random),0.7365,50
0.05,fltrust_aligned,Discrete+AdaAggRL-detector(random),0.7404,50
0.05,trim_attack,Discrete+AdaAggRL-detector(random),0.3755,50
0.05,krum_collusion,Discrete+AdaAggRL-detector(random),0.6857,50
0.05,low_mag_backdoor,Discrete+AdaAggRL-detector(random),0.7188999999999999,50
0.05,sign_flipping,Discrete+AdaAggRL-detector(random),0.5525000000000001,50
0.05,gaussian_noise,Discrete+AdaAggRL-detector(random),0.5456000000000001,50
0.05,label_flipping,Discrete+AdaAggRL-detector(random),0.7088,50
0.5,fltrust_aligned,Discrete+AdaAggRL-detector(random),0.8912000000000001,51
0.5,trim_attack,Discrete+AdaAggRL-detector(random),0.8653000000000001,51
0.5,krum_collusion,Discrete+AdaAggRL-detector(random),0.8865999999999999,51
0.5,low_mag_backdoor,Discrete+AdaAggRL-detector(random),0.9024,51
0.5,sign_flipping,Discrete+AdaAggRL-detector(random),0.8295999999999999,51
0.5,gaussian_noise,Discrete+AdaAggRL-detector(random),0.7893000000000001,51
0.5,label_flipping,Discrete+AdaAggRL-detector(random),0.8793,51
0.1,fltrust_aligned,Discrete+AdaAggRL-detector(random),0.7849000000000002,51
0.1,trim_attack,Discrete+AdaAggRL-detector(random),0.4637,51
0.1,krum_collusion,Discrete+AdaAggRL-detector(random),0.6339,51
0.1,low_mag_backdoor,Discrete+AdaAggRL-detector(random),0.8532,51
0.1,sign_flipping,Discrete+AdaAggRL-detector(random),0.6137,51
0.1,gaussian_noise,Discrete+AdaAggRL-detector(random),0.6228,51
0.1,label_flipping,Discrete+AdaAggRL-detector(random),0.7452,51
0.05,fltrust_aligned,Discrete+AdaAggRL-detector(random),0.7471,51
0.05,trim_attack,Discrete+AdaAggRL-detector(random),0.6067,51
0.05,krum_collusion,Discrete+AdaAggRL-detector(random),0.6592,51
0.05,low_mag_backdoor,Discrete+AdaAggRL-detector(random),0.7182,51
0.05,sign_flipping,Discrete+AdaAggRL-detector(random),0.5486000000000001,51
0.05,gaussian_noise,Discrete+AdaAggRL-detector(random),0.5874,51
0.05,label_flipping,Discrete+AdaAggRL-detector(random),0.7079,51
0.5,fltrust_aligned,Random,0.8845000000000001,42
0.5,trim_attack,Random,0.828,42
0.5,krum_collusion,Random,0.8841000000000001,42
0.5,low_mag_backdoor,Random,0.8983000000000001,42
0.5,sign_flipping,Random,0.8568999999999999,42
0.5,gaussian_noise,Random,0.8934,42
0.5,label_flipping,Random,0.8736,42
0.1,fltrust_aligned,Random,0.7497999999999999,42
0.1,trim_attack,Random,0.6426999999999999,42
0.1,krum_collusion,Random,0.6533,42
0.1,low_mag_backdoor,Random,0.8708,42
0.1,sign_flipping,Random,0.6026,42
0.1,gaussian_noise,Random,0.7818,42
0.1,label_flipping,Random,0.745,42
0.05,fltrust_aligned,Random,0.7857000000000001,42
0.05,trim_attack,Random,0.7245999999999999,42
0.05,krum_collusion,Random,0.6534000000000001,42
0.05,low_mag_backdoor,Random,0.8395999999999999,42
0.05,sign_flipping,Random,0.5711,42
0.05,gaussian_noise,Random,0.756,42
0.05,label_flipping,Random,0.6410000000000001,42
0.5,fltrust_aligned,Random,0.8866000000000002,43
0.5,trim_attack,Random,0.8356999999999999,43
0.5,krum_collusion,Random,0.8801,43
0.5,low_mag_backdoor,Random,0.9003,43
0.5,sign_flipping,Random,0.8585,43
0.5,gaussian_noise,Random,0.8950000000000001,43
0.5,label_flipping,Random,0.8714999999999999,43
0.1,fltrust_aligned,Random,0.8564,43
0.1,trim_attack,Random,0.5041,43
0.1,krum_collusion,Random,0.6057,43
0.1,low_mag_backdoor,Random,0.8534999999999998,43
0.1,sign_flipping,Random,0.7188,43
0.1,gaussian_noise,Random,0.8154999999999999,43
0.1,label_flipping,Random,0.7696000000000001,43
0.05,fltrust_aligned,Random,0.7380000000000001,43
0.05,trim_attack,Random,0.6352,43
0.05,krum_collusion,Random,0.5989,43
0.05,low_mag_backdoor,Random,0.8532,43
0.05,sign_flipping,Random,0.6192,43
0.05,gaussian_noise,Random,0.7512,43
0.05,label_flipping,Random,0.6688000000000001,43
0.5,fltrust_aligned,Random,0.8907999999999999,44
0.5,trim_attack,Random,0.8718,44
0.5,krum_collusion,Random,0.8799999999999999,44
0.5,low_mag_backdoor,Random,0.9016,44
0.5,sign_flipping,Random,0.834,44
0.5,gaussian_noise,Random,0.8923,44
0.5,label_flipping,Random,0.8693,44
0.1,fltrust_aligned,Random,0.8192,44
0.1,trim_attack,Random,0.6047,44
0.1,krum_collusion,Random,0.6605000000000001,44
0.1,low_mag_backdoor,Random,0.8765000000000001,44
0.1,sign_flipping,Random,0.6283,44
0.1,gaussian_noise,Random,0.8012,44
0.1,label_flipping,Random,0.7245,44
0.05,fltrust_aligned,Random,0.7631,44
0.05,trim_attack,Random,0.7209,44
0.05,krum_collusion,Random,0.6560999999999999,44
0.05,low_mag_backdoor,Random,0.8425,44
0.05,sign_flipping,Random,0.566,44
0.05,gaussian_noise,Random,0.7688999999999999,44
0.05,label_flipping,Random,0.6660000000000001,44
0.5,fltrust_aligned,Random,0.8855999999999999,45
0.5,trim_attack,Random,0.8568,45
0.5,krum_collusion,Random,0.8793,45
0.5,low_mag_backdoor,Random,0.8955,45
0.5,sign_flipping,Random,0.8517999999999999,45
0.5,gaussian_noise,Random,0.8721,45
0.5,label_flipping,Random,0.8379,45
0.1,fltrust_aligned,Random,0.8077,45
0.1,trim_attack,Random,0.6485000000000001,45
0.1,krum_collusion,Random,0.6487,45
0.1,low_mag_backdoor,Random,0.8764,45
0.1,sign_flipping,Random,0.6313000000000001,45
0.1,gaussian_noise,Random,0.7636000000000001,45
0.1,label_flipping,Random,0.7408,45
0.05,fltrust_aligned,Random,0.6905,45
0.05,trim_attack,Random,0.6171,45
0.05,krum_collusion,Random,0.5904999999999999,45
0.05,low_mag_backdoor,Random,0.8311999999999999,45
0.05,sign_flipping,Random,0.5605999999999999,45
0.05,gaussian_noise,Random,0.7304999999999999,45
0.05,label_flipping,Random,0.6773,45
0.5,fltrust_aligned,Random,0.8826,46
0.5,trim_attack,Random,0.8695,46
0.5,krum_collusion,Random,0.8827,46
0.5,low_mag_backdoor,Random,0.8936999999999999,46
0.5,sign_flipping,Random,0.8613,46
0.5,gaussian_noise,Random,0.8815,46
0.5,label_flipping,Random,0.881,46
0.1,fltrust_aligned,Random,0.7697,46
0.1,trim_attack,Random,0.6713999999999999,46
0.1,krum_collusion,Random,0.6451,46
0.1,low_mag_backdoor,Random,0.8543,46
0.1,sign_flipping,Random,0.6286,46
0.1,gaussian_noise,Random,0.7635,46
0.1,label_flipping,Random,0.7335,46
0.05,fltrust_aligned,Random,0.7830999999999999,46
0.05,trim_attack,Random,0.724,46
0.05,krum_collusion,Random,0.6254,46
0.05,low_mag_backdoor,Random,0.8023,46
0.05,sign_flipping,Random,0.5654999999999999,46
0.05,gaussian_noise,Random,0.7110999999999998,46
0.05,label_flipping,Random,0.6822,46
0.5,fltrust_aligned,Random,0.8869,47
0.5,trim_attack,Random,0.8198000000000001,47
0.5,krum_collusion,Random,0.8782,47
0.5,low_mag_backdoor,Random,0.9005000000000001,47
0.5,sign_flipping,Random,0.8323,47
0.5,gaussian_noise,Random,0.8934000000000001,47
0.5,label_flipping,Random,0.8535,47
0.1,fltrust_aligned,Random,0.8093,47
0.1,trim_attack,Random,0.6023999999999999,47
0.1,krum_collusion,Random,0.6861,47
0.1,low_mag_backdoor,Random,0.8713999999999998,47
0.1,sign_flipping,Random,0.5945,47
0.1,gaussian_noise,Random,0.7913,47
0.1,label_flipping,Random,0.7476,47
0.05,fltrust_aligned,Random,0.748,47
0.05,trim_attack,Random,0.7083,47
0.05,krum_collusion,Random,0.6533,47
0.05,low_mag_backdoor,Random,0.8362,47
0.05,sign_flipping,Random,0.5705,47
0.05,gaussian_noise,Random,0.7506999999999999,47
0.05,label_flipping,Random,0.6771,47
0.5,fltrust_aligned,Random,0.8792000000000002,48
0.5,trim_attack,Random,0.8606,48
0.5,krum_collusion,Random,0.8646,48
0.5,low_mag_backdoor,Random,0.8937000000000002,48
0.5,sign_flipping,Random,0.8655999999999999,48
0.5,gaussian_noise,Random,0.8920000000000001,48
0.5,label_flipping,Random,0.8780999999999999,48
0.1,fltrust_aligned,Random,0.8013,48
0.1,trim_attack,Random,0.6902000000000001,48
0.1,krum_collusion,Random,0.6354,48
0.1,low_mag_backdoor,Random,0.8140000000000001,48
0.1,sign_flipping,Random,0.6984,48
0.1,gaussian_noise,Random,0.7921,48
0.1,label_flipping,Random,0.7418,48
0.05,fltrust_aligned,Random,0.7465,48
0.05,trim_attack,Random,0.5853999999999999,48
0.05,krum_collusion,Random,0.6444000000000001,48
0.05,low_mag_backdoor,Random,0.8432999999999999,48
0.05,sign_flipping,Random,0.5839,48
0.05,gaussian_noise,Random,0.7310999999999999,48
0.05,label_flipping,Random,0.6827000000000001,48
0.5,fltrust_aligned,Random,0.875,49
0.5,trim_attack,Random,0.8573999999999999,49
0.5,krum_collusion,Random,0.8572999999999998,49
0.5,low_mag_backdoor,Random,0.8769,49
0.5,sign_flipping,Random,0.8047000000000001,49
0.5,gaussian_noise,Random,0.8920999999999999,49
0.5,label_flipping,Random,0.8614,49
0.1,fltrust_aligned,Random,0.6984,49
0.1,trim_attack,Random,0.5807,49
0.1,krum_collusion,Random,0.6616,49
0.1,low_mag_backdoor,Random,0.8719000000000001,49
0.1,sign_flipping,Random,0.5827,49
0.1,gaussian_noise,Random,0.7828,49
0.1,label_flipping,Random,0.7087999999999999,49
0.05,fltrust_aligned,Random,0.7510000000000001,49
0.05,trim_attack,Random,0.6738,49
0.05,krum_collusion,Random,0.6176,49
0.05,low_mag_backdoor,Random,0.8283999999999999,49
0.05,sign_flipping,Random,0.5454000000000001,49
0.05,gaussian_noise,Random,0.7351,49
0.05,label_flipping,Random,0.6323000000000001,49
0.5,fltrust_aligned,Random,0.8864000000000001,50
0.5,trim_attack,Random,0.8408,50
0.5,krum_collusion,Random,0.8808,50
0.5,low_mag_backdoor,Random,0.8978999999999999,50
0.5,sign_flipping,Random,0.8667999999999999,50
0.5,gaussian_noise,Random,0.8888,50
0.5,label_flipping,Random,0.8811,50
0.1,fltrust_aligned,Random,0.5939,50
0.1,trim_attack,Random,0.7089000000000001,50
0.1,krum_collusion,Random,0.4884,50
0.1,low_mag_backdoor,Random,0.8442999999999999,50
0.1,sign_flipping,Random,0.4683,50
0.1,gaussian_noise,Random,0.752,50
0.1,label_flipping,Random,0.7114,50
0.05,fltrust_aligned,Random,0.7275999999999999,50
0.05,trim_attack,Random,0.6044,50
0.05,krum_collusion,Random,0.5672999999999999,50
0.05,low_mag_backdoor,Random,0.8352,50
0.05,sign_flipping,Random,0.5624,50
0.05,gaussian_noise,Random,0.7331,50
0.05,label_flipping,Random,0.6474,50
0.5,fltrust_aligned,Random,0.8837999999999999,51
0.5,trim_attack,Random,0.8576,51
0.5,krum_collusion,Random,0.8684000000000001,51
0.5,low_mag_backdoor,Random,0.8933,51
0.5,sign_flipping,Random,0.8803000000000001,51
0.5,gaussian_noise,Random,0.8942,51
0.5,label_flipping,Random,0.8667,51
0.1,fltrust_aligned,Random,0.7975000000000001,51
0.1,trim_attack,Random,0.7601000000000001,51
0.1,krum_collusion,Random,0.7030000000000001,51
0.1,low_mag_backdoor,Random,0.8314,51
0.1,sign_flipping,Random,0.7114,51
0.1,gaussian_noise,Random,0.7806,51
0.1,label_flipping,Random,0.716,51
0.05,fltrust_aligned,Random,0.7480999999999999,51
0.05,trim_attack,Random,0.6961999999999999,51
0.05,krum_collusion,Random,0.5639000000000001,51
0.05,low_mag_backdoor,Random,0.8614,51
0.05,sign_flipping,Random,0.6247,51
0.05,gaussian_noise,Random,0.6784,51
0.05,label_flipping,Random,0.6373,51
0.5,fltrust_aligned,BestFixedRule,0.9000000000000001,42
0.5,trim_attack,BestFixedRule,0.8684,42
0.5,krum_collusion,BestFixedRule,0.8863999999999999,42
0.5,low_mag_backdoor,BestFixedRule,0.8979999999999999,42
0.5,sign_flipping,BestFixedRule,0.8839,42
0.5,gaussian_noise,BestFixedRule,0.8939,42
0.5,label_flipping,BestFixedRule,0.8852,42
0.1,fltrust_aligned,BestFixedRule,0.8946999999999999,42
0.1,low_mag_backdoor,BestFixedRule,0.8307999999999998,42
0.1,gaussian_noise,BestFixedRule,0.8055,42
0.05,fltrust_aligned,BestFixedRule,0.8966999999999998,42
0.05,low_mag_backdoor,BestFixedRule,0.7645000000000001,42
0.05,gaussian_noise,BestFixedRule,0.7415,42
0.5,fltrust_aligned,BestFixedRule,0.9000000000000001,43
0.5,trim_attack,BestFixedRule,0.8687999999999999,43
0.5,krum_collusion,BestFixedRule,0.8437999999999999,43
0.5,low_mag_backdoor,BestFixedRule,0.8989,43
0.5,sign_flipping,BestFixedRule,0.8855999999999999,43
0.5,gaussian_noise,BestFixedRule,0.8945000000000001,43
0.5,label_flipping,BestFixedRule,0.8868,43
0.1,fltrust_aligned,BestFixedRule,0.8948,43
0.1,low_mag_backdoor,BestFixedRule,0.8319000000000001,43
0.1,gaussian_noise,BestFixedRule,0.7979,43
0.05,fltrust_aligned,BestFixedRule,0.8951,43
0.05,low_mag_backdoor,BestFixedRule,0.7642000000000001,43
0.05,gaussian_noise,BestFixedRule,0.7386999999999999,43
0.5,fltrust_aligned,BestFixedRule,0.9000000000000001,44
0.5,trim_attack,BestFixedRule,0.8695999999999999,44
0.5,krum_collusion,BestFixedRule,0.8872,44
0.5,low_mag_backdoor,BestFixedRule,0.8984,44
0.5,sign_flipping,BestFixedRule,0.8849,44
0.5,gaussian_noise,BestFixedRule,0.8958999999999999,44
0.5,label_flipping,BestFixedRule,0.8866000000000002,44
0.1,fltrust_aligned,BestFixedRule,0.8943999999999999,44
0.1,low_mag_backdoor,BestFixedRule,0.8312999999999999,44
0.1,gaussian_noise,BestFixedRule,0.8091000000000002,44
0.05,fltrust_aligned,BestFixedRule,0.8964000000000001,44
0.05,low_mag_backdoor,BestFixedRule,0.7651000000000001,44
0.05,gaussian_noise,BestFixedRule,0.7321,44
0.5,fltrust_aligned,BestFixedRule,0.8999000000000003,45
0.5,trim_attack,BestFixedRule,0.8688,45
0.5,krum_collusion,BestFixedRule,0.8880000000000001,45
0.5,low_mag_backdoor,BestFixedRule,0.8992000000000001,45
0.5,sign_flipping,BestFixedRule,0.8838000000000001,45
0.5,gaussian_noise,BestFixedRule,0.8942,45
0.5,label_flipping,BestFixedRule,0.8854,45
0.1,fltrust_aligned,BestFixedRule,0.8939999999999999,45
0.1,low_mag_backdoor,BestFixedRule,0.8316000000000001,45
0.1,gaussian_noise,BestFixedRule,0.8045,45
0.05,fltrust_aligned,BestFixedRule,0.8953999999999999,45
0.05,low_mag_backdoor,BestFixedRule,0.7643,45
0.05,gaussian_noise,BestFixedRule,0.7337999999999999,45
0.5,fltrust_aligned,BestFixedRule,0.8998000000000002,46
0.5,trim_attack,BestFixedRule,0.8693,46
0.5,krum_collusion,BestFixedRule,0.8866999999999999,46
0.5,low_mag_backdoor,BestFixedRule,0.8981999999999999,46
0.5,sign_flipping,BestFixedRule,0.8854000000000001,46
0.5,gaussian_noise,BestFixedRule,0.8962,46
0.5,label_flipping,BestFixedRule,0.8862,46
0.1,fltrust_aligned,BestFixedRule,0.8946000000000002,46
0.1,low_mag_backdoor,BestFixedRule,0.8311,46
0.1,gaussian_noise,BestFixedRule,0.8046,46
0.05,fltrust_aligned,BestFixedRule,0.8963000000000001,46
0.05,low_mag_backdoor,BestFixedRule,0.7654,46
0.05,gaussian_noise,BestFixedRule,0.7415,46
0.5,fltrust_aligned,BestFixedRule,0.8997999999999999,47
0.5,trim_attack,BestFixedRule,0.8699999999999999,47
0.5,krum_collusion,BestFixedRule,0.8871,47
0.5,low_mag_backdoor,BestFixedRule,0.8987999999999999,47
0.5,sign_flipping,BestFixedRule,0.8842000000000001,47
0.5,gaussian_noise,BestFixedRule,0.8949999999999999,47
0.5,label_flipping,BestFixedRule,0.8855999999999999,47
0.1,fltrust_aligned,BestFixedRule,0.8945000000000001,47
0.1,low_mag_backdoor,BestFixedRule,0.8311,47
0.1,gaussian_noise,BestFixedRule,0.8091000000000002,47
0.05,fltrust_aligned,BestFixedRule,0.8958,47
0.05,low_mag_backdoor,BestFixedRule,0.7651,47
0.05,gaussian_noise,BestFixedRule,0.7401,47
0.5,fltrust_aligned,BestFixedRule,0.8995999999999998,48
0.5,trim_attack,BestFixedRule,0.8695,48
0.5,krum_collusion,BestFixedRule,0.8876,48
0.5,low_mag_backdoor,BestFixedRule,0.8985000000000001,48
0.5,sign_flipping,BestFixedRule,0.8858,48
0.5,gaussian_noise,BestFixedRule,0.8943999999999999,48
0.5,label_flipping,BestFixedRule,0.8860000000000001,48
0.1,fltrust_aligned,BestFixedRule,0.8943,48
0.1,low_mag_backdoor,BestFixedRule,0.8304,48
0.1,gaussian_noise,BestFixedRule,0.8055,48
0.05,fltrust_aligned,BestFixedRule,0.8963999999999999,48
0.05,low_mag_backdoor,BestFixedRule,0.7636999999999999,48
0.05,gaussian_noise,BestFixedRule,0.7398999999999999,48
0.5,fltrust_aligned,BestFixedRule,0.8996000000000001,49
0.5,trim_attack,BestFixedRule,0.8688,49
0.5,krum_collusion,BestFixedRule,0.8855999999999999,49
0.5,low_mag_backdoor,BestFixedRule,0.8987,49
0.5,sign_flipping,BestFixedRule,0.8847999999999999,49
0.5,gaussian_noise,BestFixedRule,0.8936999999999999,49
0.5,label_flipping,BestFixedRule,0.8856999999999999,49
0.1,fltrust_aligned,BestFixedRule,0.8943,49
0.1,low_mag_backdoor,BestFixedRule,0.8309,49
0.1,gaussian_noise,BestFixedRule,0.8085000000000001,49
0.05,fltrust_aligned,BestFixedRule,0.8958,49
0.05,low_mag_backdoor,BestFixedRule,0.7654,49
0.05,gaussian_noise,BestFixedRule,0.7342000000000001,49
0.5,fltrust_aligned,BestFixedRule,0.8996000000000001,50
0.5,trim_attack,BestFixedRule,0.869,50
0.5,krum_collusion,BestFixedRule,0.8848,50
0.5,low_mag_backdoor,BestFixedRule,0.8984,50
0.5,sign_flipping,BestFixedRule,0.8835000000000001,50
0.5,gaussian_noise,BestFixedRule,0.8953,50
0.5,label_flipping,BestFixedRule,0.8857000000000002,50
0.1,fltrust_aligned,BestFixedRule,0.8941000000000001,50
0.1,low_mag_backdoor,BestFixedRule,0.8309,50
0.1,gaussian_noise,BestFixedRule,0.8094999999999999,50
0.05,fltrust_aligned,BestFixedRule,0.8961,50
0.05,low_mag_backdoor,BestFixedRule,0.7642,50
0.05,gaussian_noise,BestFixedRule,0.7377,50
0.5,fltrust_aligned,BestFixedRule,0.8995000000000001,51
0.5,trim_attack,BestFixedRule,0.8690999999999999,51
0.5,krum_collusion,BestFixedRule,0.8865999999999999,51
0.5,low_mag_backdoor,BestFixedRule,0.8988000000000002,51
0.5,sign_flipping,BestFixedRule,0.8822000000000001,51
0.5,gaussian_noise,BestFixedRule,0.8943,51
0.5,label_flipping,BestFixedRule,0.8863,51
0.1,fltrust_aligned,BestFixedRule,0.8948,51
0.1,low_mag_backdoor,BestFixedRule,0.8305999999999999,51
0.1,gaussian_noise,BestFixedRule,0.7977000000000001,51
0.05,fltrust_aligned,BestFixedRule,0.8957999999999998,51
0.05,low_mag_backdoor,BestFixedRule,0.7649000000000001,51
0.05,gaussian_noise,BestFixedRule,0.7426,51
0.1,trim_attack,BestFixedRule,0.5926,42
0.1,krum_collusion,BestFixedRule,0.598,42
0.1,sign_flipping,BestFixedRule,0.6082000000000001,42
0.1,label_flipping,BestFixedRule,0.5926999999999999,42
0.05,trim_attack,BestFixedRule,0.6155999999999999,42
0.05,krum_collusion,BestFixedRule,0.6115,42
0.05,sign_flipping,BestFixedRule,0.6059999999999999,42
0.05,label_flipping,BestFixedRule,0.6001,42
0.1,trim_attack,BestFixedRule,0.6277,43
0.1,krum_collusion,BestFixedRule,0.6339,43
0.1,sign_flipping,BestFixedRule,0.6298999999999999,43
0.1,label_flipping,BestFixedRule,0.6302000000000001,43
0.05,trim_attack,BestFixedRule,0.6703000000000001,43
0.05,krum_collusion,BestFixedRule,0.6523000000000001,43
0.05,sign_flipping,BestFixedRule,0.6557000000000001,43
0.05,label_flipping,BestFixedRule,0.6365000000000001,43
0.1,trim_attack,BestFixedRule,0.6103999999999999,44
0.1,krum_collusion,BestFixedRule,0.6083000000000001,44
0.1,sign_flipping,BestFixedRule,0.6020999999999999,44
0.1,label_flipping,BestFixedRule,0.6077999999999999,44
0.05,trim_attack,BestFixedRule,0.6557000000000001,44
0.05,krum_collusion,BestFixedRule,0.6507000000000001,44
0.05,sign_flipping,BestFixedRule,0.6804,44
0.05,label_flipping,BestFixedRule,0.6918,44
0.1,trim_attack,BestFixedRule,0.6511,45
0.1,krum_collusion,BestFixedRule,0.6635000000000001,45
0.1,sign_flipping,BestFixedRule,0.6701,45
0.1,label_flipping,BestFixedRule,0.6625,45
0.05,trim_attack,BestFixedRule,0.6711,45
0.05,krum_collusion,BestFixedRule,0.6390999999999999,45
0.05,sign_flipping,BestFixedRule,0.6518,45
0.05,label_flipping,BestFixedRule,0.6334,45
0.1,trim_attack,BestFixedRule,0.5683,46
0.1,krum_collusion,BestFixedRule,0.5738,46
0.1,sign_flipping,BestFixedRule,0.5444000000000001,46
0.1,label_flipping,BestFixedRule,0.5751999999999999,46
0.05,trim_attack,BestFixedRule,0.6623,46
0.05,krum_collusion,BestFixedRule,0.6529,46
0.05,sign_flipping,BestFixedRule,0.6682,46
0.05,label_flipping,BestFixedRule,0.6657,46
0.1,trim_attack,BestFixedRule,0.6534000000000001,47
0.1,krum_collusion,BestFixedRule,0.6547000000000002,47
0.1,sign_flipping,BestFixedRule,0.6524,47
0.1,label_flipping,BestFixedRule,0.6492,47
0.05,trim_attack,BestFixedRule,0.6514,47
0.05,krum_collusion,BestFixedRule,0.6463,47
0.05,sign_flipping,BestFixedRule,0.6607000000000001,47
0.05,label_flipping,BestFixedRule,0.6477999999999999,47
0.1,trim_attack,BestFixedRule,0.6458,48
0.1,krum_collusion,BestFixedRule,0.6359,48
0.1,sign_flipping,BestFixedRule,0.645,48
0.1,label_flipping,BestFixedRule,0.6355999999999999,48
0.05,trim_attack,BestFixedRule,0.6239999999999999,48
0.05,krum_collusion,BestFixedRule,0.6027,48
0.05,sign_flipping,BestFixedRule,0.6378,48
0.05,label_flipping,BestFixedRule,0.5993999999999999,48
0.1,trim_attack,BestFixedRule,0.628,49
0.1,krum_collusion,BestFixedRule,0.6199999999999999,49
0.1,sign_flipping,BestFixedRule,0.6166999999999999,49
0.1,label_flipping,BestFixedRule,0.6228999999999999,49
0.05,trim_attack,BestFixedRule,0.6917,49
0.05,krum_collusion,BestFixedRule,0.6910999999999999,49
0.05,sign_flipping,BestFixedRule,0.6842,49
0.05,label_flipping,BestFixedRule,0.6888000000000001,49
0.1,trim_attack,BestFixedRule,0.6395,50
0.1,krum_collusion,BestFixedRule,0.6469000000000001,50
0.1,sign_flipping,BestFixedRule,0.6448,50
0.1,label_flipping,BestFixedRule,0.6421,50
0.05,trim_attack,BestFixedRule,0.6409,50
0.05,krum_collusion,BestFixedRule,0.646,50
0.05,sign_flipping,BestFixedRule,0.6402,50
0.05,label_flipping,BestFixedRule,0.6468999999999999,50
0.1,trim_attack,BestFixedRule,0.6119,51
0.1,krum_collusion,BestFixedRule,0.6164,51
0.1,sign_flipping,BestFixedRule,0.6141,51
0.1,label_flipping,BestFixedRule,0.6195,51
0.05,trim_attack,BestFixedRule,0.6073999999999999,51
0.05,krum_collusion,BestFixedRule,0.6064,51
0.05,sign_flipping,BestFixedRule,0.5977,51
0.05,label_flipping,BestFixedRule,0.5891,51
