alpha,attack_type,system_b,variant_b,accuracy_b,seed,system_a,variant_a,accuracy_a,delta_b_minus_a
0.5,fltrust_aligned,FedStrategist,b,0.8887999999999998,42,FedStrategist,a,0.8893000000000001,-0.000500000000000278
0.5,trim_attack,FedStrategist,b,0.8587,42,FedStrategist,a,0.8600999999999999,-0.0013999999999998458
0.5,krum_collusion,FedStrategist,b,0.8685,42,FedStrategist,a,0.8351000000000001,0.033399999999999985
0.5,low_mag_backdoor,FedStrategist,b,0.8421,42,FedStrategist,a,0.8413,0.0007999999999999119
0.5,sign_flipping,FedStrategist,b,0.828,42,FedStrategist,a,0.8057000000000001,0.022299999999999875
0.5,gaussian_noise,FedStrategist,b,0.7876000000000001,42,FedStrategist,a,0.8054,-0.017799999999999927
0.5,label_flipping,FedStrategist,b,0.8698,42,FedStrategist,a,0.8829,-0.0131
0.1,fltrust_aligned,FedStrategist,b,0.7515000000000001,42,FedStrategist,a,0.7694000000000001,-0.017900000000000027
0.1,trim_attack,FedStrategist,b,0.4888,42,FedStrategist,a,0.4587,0.030100000000000016
0.1,krum_collusion,FedStrategist,b,0.6406,42,FedStrategist,a,0.6357,0.004899999999999904
0.1,low_mag_backdoor,FedStrategist,b,0.8539999999999999,42,FedStrategist,a,0.8535,0.0004999999999998339
0.1,sign_flipping,FedStrategist,b,0.6059,42,FedStrategist,a,0.6003000000000001,0.005599999999999938
0.1,gaussian_noise,FedStrategist,b,0.5908,42,FedStrategist,a,0.5826999999999999,0.008100000000000107
0.1,label_flipping,FedStrategist,b,0.7309999999999999,42,FedStrategist,a,0.7267,0.0042999999999998595
0.05,fltrust_aligned,FedStrategist,b,0.7574,42,FedStrategist,a,0.7564,0.0010000000000000009
0.05,trim_attack,FedStrategist,b,0.6073999999999999,42,FedStrategist,a,0.6081000000000001,-0.000700000000000145
0.05,krum_collusion,FedStrategist,b,0.6767000000000001,42,FedStrategist,a,0.6777000000000001,-0.0010000000000000009
0.05,low_mag_backdoor,FedStrategist,b,0.7293,42,FedStrategist,a,0.7236,0.005699999999999927
0.05,sign_flipping,FedStrategist,b,0.5255000000000001,42,FedStrategist,a,0.5244,0.001100000000000101
0.05,gaussian_noise,FedStrategist,b,0.5404,42,FedStrategist,a,0.546,-0.005600000000000049
0.05,label_flipping,FedStrategist,b,0.4255,42,FedStrategist,a,0.6693,-0.24380000000000002
0.5,fltrust_aligned,FedStrategist,b,0.8863,43,FedStrategist,a,0.8823000000000001,0.0039999999999998925
0.5,trim_attack,FedStrategist,b,0.8613,43,FedStrategist,a,0.8751,-0.013800000000000034
0.5,krum_collusion,FedStrategist,b,0.8869999999999999,43,FedStrategist,a,0.8772,0.00979999999999992
0.5,low_mag_backdoor,FedStrategist,b,0.8427,43,FedStrategist,a,0.9027,-0.05999999999999994
0.5,sign_flipping,FedStrategist,b,0.8261,43,FedStrategist,a,0.8055999999999999,0.020500000000000074
0.5,gaussian_noise,FedStrategist,b,0.8025,43,FedStrategist,a,0.8070999999999999,-0.0045999999999999375
0.5,label_flipping,FedStrategist,b,0.8761000000000001,43,FedStrategist,a,0.8763,-0.00019999999999986695
0.1,fltrust_aligned,FedStrategist,b,0.8631,43,FedStrategist,a,0.7972,0.06589999999999996
0.1,trim_attack,FedStrategist,b,0.4953,43,FedStrategist,a,0.4678000000000001,0.027499999999999913
0.1,krum_collusion,FedStrategist,b,0.6419000000000001,43,FedStrategist,a,0.6468,-0.004899999999999904
0.1,low_mag_backdoor,FedStrategist,b,0.8536999999999999,43,FedStrategist,a,0.8539,-0.000200000000000089
0.1,sign_flipping,FedStrategist,b,0.6065,43,FedStrategist,a,0.6051,0.0014000000000000679
0.1,gaussian_noise,FedStrategist,b,0.6077,43,FedStrategist,a,0.6081999999999999,-0.0004999999999998339
0.1,label_flipping,FedStrategist,b,0.7438,43,FedStrategist,a,0.7436,0.00019999999999997797
0.05,fltrust_aligned,FedStrategist,b,0.7451,43,FedStrategist,a,0.735,0.010099999999999998
0.05,trim_attack,FedStrategist,b,0.6033000000000001,43,FedStrategist,a,0.6014999999999999,0.0018000000000001348
0.05,krum_collusion,FedStrategist,b,0.6763000000000001,43,FedStrategist,a,0.6834,-0.007099999999999884
0.05,low_mag_backdoor,FedStrategist,b,0.7177,43,FedStrategist,a,0.8360999999999998,-0.11839999999999984
0.05,sign_flipping,FedStrategist,b,0.5471,43,FedStrategist,a,0.4986,0.04850000000000004
0.05,gaussian_noise,FedStrategist,b,0.5734,43,FedStrategist,a,0.4999,0.07350000000000001
0.05,label_flipping,FedStrategist,b,0.434,43,FedStrategist,a,0.6712,-0.23720000000000002
0.5,fltrust_aligned,FedStrategist,b,0.8868,44,FedStrategist,a,0.8875,-0.0006999999999999229
0.5,trim_attack,FedStrategist,b,0.8628,44,FedStrategist,a,0.857,0.005800000000000027
0.5,krum_collusion,FedStrategist,b,0.8785999999999999,44,FedStrategist,a,0.8482,0.030399999999999983
0.5,low_mag_backdoor,FedStrategist,b,0.841,44,FedStrategist,a,0.8412,-0.00019999999999997797
0.5,sign_flipping,FedStrategist,b,0.8285,44,FedStrategist,a,0.8035,0.025000000000000022
0.5,gaussian_noise,FedStrategist,b,0.6542000000000001,44,FedStrategist,a,0.805,-0.15079999999999993
0.5,label_flipping,FedStrategist,b,0.8798999999999999,44,FedStrategist,a,0.877,0.0028999999999999027
0.1,fltrust_aligned,FedStrategist,b,0.7491999999999999,44,FedStrategist,a,0.7478,0.0013999999999998458
0.1,trim_attack,FedStrategist,b,0.4683999999999999,44,FedStrategist,a,0.4530999999999999,0.015300000000000036
0.1,krum_collusion,FedStrategist,b,0.6311000000000001,44,FedStrategist,a,0.6363000000000001,-0.005199999999999982
0.1,low_mag_backdoor,FedStrategist,b,0.8539999999999999,44,FedStrategist,a,0.8539999999999999,0.0
0.1,sign_flipping,FedStrategist,b,0.6085,44,FedStrategist,a,0.6098,-0.0012999999999999678
0.1,gaussian_noise,FedStrategist,b,0.683,44,FedStrategist,a,0.6906,-0.00759999999999994
0.1,label_flipping,FedStrategist,b,0.7407,44,FedStrategist,a,0.7399,0.0008000000000000229
0.05,fltrust_aligned,FedStrategist,b,0.7637,44,FedStrategist,a,0.7459,0.017800000000000038
0.05,trim_attack,FedStrategist,b,0.6081,44,FedStrategist,a,0.6101,-0.0020000000000000018
0.05,krum_collusion,FedStrategist,b,0.6769,44,FedStrategist,a,0.6851,-0.008200000000000096
0.05,low_mag_backdoor,FedStrategist,b,0.7202999999999999,44,FedStrategist,a,0.7233999999999999,-0.0030999999999999917
0.05,sign_flipping,FedStrategist,b,0.5502,44,FedStrategist,a,0.5464,0.0038000000000000256
0.05,gaussian_noise,FedStrategist,b,0.5783,44,FedStrategist,a,0.5715,0.006800000000000028
0.05,label_flipping,FedStrategist,b,0.7106,44,FedStrategist,a,0.7062999999999999,0.0043000000000000815
0.5,fltrust_aligned,FedStrategist,b,0.8863,45,FedStrategist,a,0.8859999999999999,0.000300000000000078
0.5,trim_attack,FedStrategist,b,0.8718,45,FedStrategist,a,0.8733999999999998,-0.0015999999999998238
0.5,krum_collusion,FedStrategist,b,0.89,45,FedStrategist,a,0.8865999999999999,0.0034000000000000696
0.5,low_mag_backdoor,FedStrategist,b,0.8394999999999999,45,FedStrategist,a,0.8413999999999999,-0.0019000000000000128
0.5,sign_flipping,FedStrategist,b,0.8306999999999999,45,FedStrategist,a,0.8311999999999999,-0.000500000000000056
0.5,gaussian_noise,FedStrategist,b,0.7905000000000001,45,FedStrategist,a,0.7082999999999999,0.08220000000000016
0.5,label_flipping,FedStrategist,b,0.8764,45,FedStrategist,a,0.8793000000000001,-0.0029000000000001247
0.1,fltrust_aligned,FedStrategist,b,0.7516999999999999,45,FedStrategist,a,0.7506999999999999,0.0010000000000000009
0.1,trim_attack,FedStrategist,b,0.527,45,FedStrategist,a,0.4567,0.07030000000000003
0.1,krum_collusion,FedStrategist,b,0.6424,45,FedStrategist,a,0.6324000000000002,0.009999999999999787
0.1,low_mag_backdoor,FedStrategist,b,0.8476000000000001,45,FedStrategist,a,0.8492,-0.0015999999999998238
0.1,sign_flipping,FedStrategist,b,0.6187,45,FedStrategist,a,0.615,0.0037000000000000366
0.1,gaussian_noise,FedStrategist,b,0.6144999999999998,45,FedStrategist,a,0.6503,-0.035800000000000165
0.1,label_flipping,FedStrategist,b,0.7407999999999999,45,FedStrategist,a,0.7441,-0.0033000000000000806
0.05,fltrust_aligned,FedStrategist,b,0.744,45,FedStrategist,a,0.7478,-0.0038000000000000256
0.05,trim_attack,FedStrategist,b,0.603,45,FedStrategist,a,0.6019,0.0010999999999999899
0.05,krum_collusion,FedStrategist,b,0.4447,45,FedStrategist,a,0.6534,-0.2087
0.05,low_mag_backdoor,FedStrategist,b,0.7187999999999999,45,FedStrategist,a,0.7261,-0.007300000000000084
0.05,sign_flipping,FedStrategist,b,0.5538000000000001,45,FedStrategist,a,0.5535,0.000300000000000078
0.05,gaussian_noise,FedStrategist,b,0.4301999999999999,45,FedStrategist,a,0.4378999999999999,-0.007699999999999985
0.05,label_flipping,FedStrategist,b,0.4373999999999999,45,FedStrategist,a,0.6781,-0.24070000000000014
0.5,fltrust_aligned,FedStrategist,b,0.8887,46,FedStrategist,a,0.8846,0.0040999999999999925
0.5,trim_attack,FedStrategist,b,0.8602000000000001,46,FedStrategist,a,0.8606,-0.00039999999999995595
0.5,krum_collusion,FedStrategist,b,0.8693,46,FedStrategist,a,0.8880000000000001,-0.01870000000000016
0.5,low_mag_backdoor,FedStrategist,b,0.9008,46,FedStrategist,a,0.8405999999999999,0.06020000000000014
0.5,sign_flipping,FedStrategist,b,0.8272,46,FedStrategist,a,0.8055,0.021700000000000053
0.5,gaussian_noise,FedStrategist,b,0.7735000000000001,46,FedStrategist,a,0.79,-0.01649999999999996
0.5,label_flipping,FedStrategist,b,0.8766,46,FedStrategist,a,0.8835999999999998,-0.006999999999999784
0.1,fltrust_aligned,FedStrategist,b,0.7862000000000001,46,FedStrategist,a,0.7801000000000001,0.006099999999999994
0.1,trim_attack,FedStrategist,b,0.4608,46,FedStrategist,a,0.4504,0.010399999999999965
0.1,krum_collusion,FedStrategist,b,0.6463,46,FedStrategist,a,0.649,-0.0027000000000000357
0.1,low_mag_backdoor,FedStrategist,b,0.8535,46,FedStrategist,a,0.8552,-0.0016999999999999238
0.1,sign_flipping,FedStrategist,b,0.6209,46,FedStrategist,a,0.6191000000000001,0.0017999999999999128
0.1,gaussian_noise,FedStrategist,b,0.6169,46,FedStrategist,a,0.6292000000000001,-0.012300000000000089
0.1,label_flipping,FedStrategist,b,0.7285999999999999,46,FedStrategist,a,0.7321,-0.0035000000000000586
0.05,fltrust_aligned,FedStrategist,b,0.7576,46,FedStrategist,a,0.7551,0.0025000000000000577
0.05,trim_attack,FedStrategist,b,0.6092,46,FedStrategist,a,0.6088,0.00039999999999995595
0.05,krum_collusion,FedStrategist,b,0.6786000000000001,46,FedStrategist,a,0.6799999999999999,-0.0013999999999998458
0.05,low_mag_backdoor,FedStrategist,b,0.859,46,FedStrategist,a,0.8530999999999999,0.005900000000000127
0.05,sign_flipping,FedStrategist,b,0.5462,46,FedStrategist,a,0.5484000000000001,-0.0022000000000000908
0.05,gaussian_noise,FedStrategist,b,0.4831999999999999,46,FedStrategist,a,0.5499,-0.06670000000000015
0.05,label_flipping,FedStrategist,b,0.6683,46,FedStrategist,a,0.6826999999999999,-0.014399999999999857
0.5,fltrust_aligned,FedStrategist,b,0.883,47,FedStrategist,a,0.8837999999999999,-0.0007999999999999119
0.5,trim_attack,FedStrategist,b,0.8573000000000001,47,FedStrategist,a,0.8579999999999999,-0.0006999999999998119
0.5,krum_collusion,FedStrategist,b,0.8687000000000001,47,FedStrategist,a,0.8189,0.04980000000000018
0.5,low_mag_backdoor,FedStrategist,b,0.9016,47,FedStrategist,a,0.843,0.058599999999999985
0.5,sign_flipping,FedStrategist,b,0.8020000000000002,47,FedStrategist,a,0.8070999999999999,-0.005099999999999771
0.5,gaussian_noise,FedStrategist,b,0.8062000000000001,47,FedStrategist,a,0.8051,0.001100000000000101
0.5,label_flipping,FedStrategist,b,0.8761000000000001,47,FedStrategist,a,0.884,-0.007899999999999907
0.1,fltrust_aligned,FedStrategist,b,0.7817999999999999,47,FedStrategist,a,0.7823,-0.000500000000000056
0.1,trim_attack,FedStrategist,b,0.4680999999999999,47,FedStrategist,a,0.6186,-0.15050000000000013
0.1,krum_collusion,FedStrategist,b,0.6423,47,FedStrategist,a,0.613,0.029299999999999993
0.1,low_mag_backdoor,FedStrategist,b,0.8541000000000001,47,FedStrategist,a,0.8529,0.0012000000000000899
0.1,sign_flipping,FedStrategist,b,0.6138999999999999,47,FedStrategist,a,0.6063999999999999,0.007499999999999951
0.1,gaussian_noise,FedStrategist,b,0.6399,47,FedStrategist,a,0.7329,-0.09299999999999997
0.1,label_flipping,FedStrategist,b,0.7399,47,FedStrategist,a,0.7933,-0.0534
0.05,fltrust_aligned,FedStrategist,b,0.7341,47,FedStrategist,a,0.7306999999999999,0.0034000000000000696
0.05,trim_attack,FedStrategist,b,0.6117999999999999,47,FedStrategist,a,0.6106999999999999,0.0010999999999999899
0.05,krum_collusion,FedStrategist,b,0.4458,47,FedStrategist,a,0.62,-0.17420000000000002
0.05,low_mag_backdoor,FedStrategist,b,0.7227,47,FedStrategist,a,0.8337,-0.11099999999999999
0.05,sign_flipping,FedStrategist,b,0.5492,47,FedStrategist,a,0.5494,-0.00019999999999997797
0.05,gaussian_noise,FedStrategist,b,0.4863,47,FedStrategist,a,0.488,-0.0016999999999999793
0.05,label_flipping,FedStrategist,b,0.4448,47,FedStrategist,a,0.4451999999999999,-0.00039999999999990044
0.5,fltrust_aligned,FedStrategist,b,0.8865999999999999,48,FedStrategist,a,0.8856999999999999,0.0009000000000000119
0.5,trim_attack,FedStrategist,b,0.8566999999999998,48,FedStrategist,a,0.8549999999999999,0.0016999999999999238
0.5,krum_collusion,FedStrategist,b,0.8209,48,FedStrategist,a,0.8153,0.005599999999999938
0.5,low_mag_backdoor,FedStrategist,b,0.8991000000000001,48,FedStrategist,a,0.8887,0.010400000000000076
0.5,sign_flipping,FedStrategist,b,0.8289,48,FedStrategist,a,0.8005000000000001,0.02839999999999987
0.5,gaussian_noise,FedStrategist,b,0.8012,48,FedStrategist,a,0.8005000000000001,0.0006999999999999229
0.5,label_flipping,FedStrategist,b,0.8793,48,FedStrategist,a,0.8785000000000001,0.0007999999999999119
0.1,fltrust_aligned,FedStrategist,b,0.8541000000000001,48,FedStrategist,a,0.7566,0.09750000000000003
0.1,trim_attack,FedStrategist,b,0.474,48,FedStrategist,a,0.4496999999999999,0.0243000000000001
0.1,krum_collusion,FedStrategist,b,0.6487999999999999,48,FedStrategist,a,0.6403999999999999,0.008400000000000074
0.1,low_mag_backdoor,FedStrategist,b,0.8583000000000001,48,FedStrategist,a,0.8517999999999999,0.006500000000000172
0.1,sign_flipping,FedStrategist,b,0.6161999999999999,48,FedStrategist,a,0.6232,-0.007000000000000117
0.1,gaussian_noise,FedStrategist,b,0.6836,48,FedStrategist,a,0.6728000000000001,0.01079999999999992
0.1,label_flipping,FedStrategist,b,0.7308,48,FedStrategist,a,0.7304999999999999,0.000300000000000078
0.05,fltrust_aligned,FedStrategist,b,0.7594,48,FedStrategist,a,0.7519,0.007499999999999951
0.05,trim_attack,FedStrategist,b,0.6056,48,FedStrategist,a,0.6098,-0.0041999999999999815
0.05,krum_collusion,FedStrategist,b,0.6779999999999999,48,FedStrategist,a,0.6910000000000001,-0.013000000000000123
0.05,low_mag_backdoor,FedStrategist,b,0.7183999999999999,48,FedStrategist,a,0.8578999999999999,-0.13949999999999996
0.05,sign_flipping,FedStrategist,b,0.5526000000000001,48,FedStrategist,a,0.5328999999999999,0.019700000000000162
0.05,gaussian_noise,FedStrategist,b,0.588,48,FedStrategist,a,0.584,0.0040000000000000036
0.05,label_flipping,FedStrategist,b,0.7034,48,FedStrategist,a,0.7023999999999999,0.001000000000000112
0.5,fltrust_aligned,FedStrategist,b,0.8836999999999999,49,FedStrategist,a,0.8834,0.00029999999999996696
0.5,trim_attack,FedStrategist,b,0.8614,49,FedStrategist,a,0.8637,-0.0022999999999999687
0.5,krum_collusion,FedStrategist,b,0.8682000000000001,49,FedStrategist,a,0.8871,-0.018899999999999917
0.5,low_mag_backdoor,FedStrategist,b,0.8894,49,FedStrategist,a,0.8424999999999999,0.04690000000000005
0.5,sign_flipping,FedStrategist,b,0.8310000000000001,49,FedStrategist,a,0.8039,0.027100000000000124
0.5,gaussian_noise,FedStrategist,b,0.8017,49,FedStrategist,a,0.8014000000000001,0.00029999999999985594
0.5,label_flipping,FedStrategist,b,0.8794000000000001,49,FedStrategist,a,0.8773,0.002100000000000102
0.1,fltrust_aligned,FedStrategist,b,0.7796000000000001,49,FedStrategist,a,0.7506999999999999,0.028900000000000148
0.1,trim_attack,FedStrategist,b,0.466,49,FedStrategist,a,0.4641,0.0019000000000000128
0.1,krum_collusion,FedStrategist,b,0.6405000000000001,49,FedStrategist,a,0.6224000000000001,0.018100000000000005
0.1,low_mag_backdoor,FedStrategist,b,0.8531000000000001,49,FedStrategist,a,0.8074999999999999,0.045600000000000196
0.1,sign_flipping,FedStrategist,b,0.6132000000000001,49,FedStrategist,a,0.6103,0.0029000000000001247
0.1,gaussian_noise,FedStrategist,b,0.6249,49,FedStrategist,a,0.6247,0.00019999999999997797
0.1,label_flipping,FedStrategist,b,0.7389,49,FedStrategist,a,0.7415,-0.0026000000000000467
0.05,fltrust_aligned,FedStrategist,b,0.7627999999999999,49,FedStrategist,a,0.7603,0.0024999999999999467
0.05,trim_attack,FedStrategist,b,0.6093999999999999,49,FedStrategist,a,0.6093,9.999999999998899e-05
0.05,krum_collusion,FedStrategist,b,0.6610000000000001,49,FedStrategist,a,0.6825,-0.021499999999999853
0.05,low_mag_backdoor,FedStrategist,b,0.7188,49,FedStrategist,a,0.7230000000000001,-0.0042000000000000925
0.05,sign_flipping,FedStrategist,b,0.5534,49,FedStrategist,a,0.5537000000000001,-0.000300000000000078
0.05,gaussian_noise,FedStrategist,b,0.4607,49,FedStrategist,a,0.4862999999999999,-0.0255999999999999
0.05,label_flipping,FedStrategist,b,0.6706999999999999,49,FedStrategist,a,0.671,-0.000300000000000189
0.5,fltrust_aligned,FedStrategist,b,0.8839,50,FedStrategist,a,0.8845000000000001,-0.0006000000000000449
0.5,trim_attack,FedStrategist,b,0.8536999999999999,50,FedStrategist,a,0.8589,-0.0052000000000000934
0.5,krum_collusion,FedStrategist,b,0.8767999999999999,50,FedStrategist,a,0.8762000000000001,0.0005999999999998229
0.5,low_mag_backdoor,FedStrategist,b,0.8421,50,FedStrategist,a,0.8412,0.0009000000000000119
0.5,sign_flipping,FedStrategist,b,0.8305,50,FedStrategist,a,0.8013,0.029200000000000004
0.5,gaussian_noise,FedStrategist,b,0.8143,50,FedStrategist,a,0.8016,0.012700000000000045
0.5,label_flipping,FedStrategist,b,0.8789999999999999,50,FedStrategist,a,0.8775000000000001,0.0014999999999998348
0.1,fltrust_aligned,FedStrategist,b,0.7466000000000002,50,FedStrategist,a,0.7475999999999999,-0.0009999999999997788
0.1,trim_attack,FedStrategist,b,0.4636000000000001,50,FedStrategist,a,0.4663,-0.002699999999999869
0.1,krum_collusion,FedStrategist,b,0.645,50,FedStrategist,a,0.65,-0.0050000000000000044
0.1,low_mag_backdoor,FedStrategist,b,0.8530999999999999,50,FedStrategist,a,0.8537999999999999,-0.0007000000000000339
0.1,sign_flipping,FedStrategist,b,0.6969,50,FedStrategist,a,0.6083000000000001,0.0885999999999999
0.1,gaussian_noise,FedStrategist,b,0.6491,50,FedStrategist,a,0.6407,0.008399999999999963
0.1,label_flipping,FedStrategist,b,0.737,50,FedStrategist,a,0.7897,-0.05269999999999997
0.05,fltrust_aligned,FedStrategist,b,0.7398999999999999,50,FedStrategist,a,0.7396,0.00029999999999985594
0.05,trim_attack,FedStrategist,b,0.5489,50,FedStrategist,a,0.367,0.18190000000000006
0.05,krum_collusion,FedStrategist,b,0.6717000000000002,50,FedStrategist,a,0.6785,-0.006799999999999806
0.05,low_mag_backdoor,FedStrategist,b,0.7194999999999999,50,FedStrategist,a,0.7362,-0.016700000000000048
0.05,sign_flipping,FedStrategist,b,0.5546,50,FedStrategist,a,0.5515,0.0030999999999999917
0.05,gaussian_noise,FedStrategist,b,0.5456000000000001,50,FedStrategist,a,0.5461,-0.0004999999999999449
0.05,label_flipping,FedStrategist,b,0.7116,50,FedStrategist,a,0.722,-0.010399999999999965
0.5,fltrust_aligned,FedStrategist,b,0.8888999999999999,51,FedStrategist,a,0.8867,0.0021999999999998687
0.5,trim_attack,FedStrategist,b,0.8640000000000001,51,FedStrategist,a,0.8607999999999999,0.0032000000000002027
0.5,krum_collusion,FedStrategist,b,0.8853,51,FedStrategist,a,0.8766,0.00869999999999993
0.5,low_mag_backdoor,FedStrategist,b,0.8406,51,FedStrategist,a,0.8962999999999999,-0.05569999999999986
0.5,sign_flipping,FedStrategist,b,0.8305,51,FedStrategist,a,0.8022,0.028299999999999992
0.5,gaussian_noise,FedStrategist,b,0.7913000000000001,51,FedStrategist,a,0.7596,0.03170000000000006
0.5,label_flipping,FedStrategist,b,0.8792,51,FedStrategist,a,0.8773,0.0019000000000000128
0.1,fltrust_aligned,FedStrategist,b,0.7493,51,FedStrategist,a,0.7479,0.0013999999999999568
0.1,trim_attack,FedStrategist,b,0.4599,51,FedStrategist,a,0.4582,0.0016999999999999793
0.1,krum_collusion,FedStrategist,b,0.6321999999999999,51,FedStrategist,a,0.5932999999999999,0.038899999999999935
0.1,low_mag_backdoor,FedStrategist,b,0.853,51,FedStrategist,a,0.8507999999999999,0.0022000000000000908
0.1,sign_flipping,FedStrategist,b,0.6156999999999999,51,FedStrategist,a,0.6128,0.0028999999999999027
0.1,gaussian_noise,FedStrategist,b,0.6212,51,FedStrategist,a,0.6344,-0.01319999999999999
0.1,label_flipping,FedStrategist,b,0.7447,51,FedStrategist,a,0.7434999999999999,0.0012000000000000899
0.05,fltrust_aligned,FedStrategist,b,0.7482,51,FedStrategist,a,0.741,0.007199999999999984
0.05,trim_attack,FedStrategist,b,0.5452,51,FedStrategist,a,0.5909,-0.04569999999999996
0.05,krum_collusion,FedStrategist,b,0.6822000000000001,51,FedStrategist,a,0.6821,0.00010000000000010001
0.05,low_mag_backdoor,FedStrategist,b,0.7213,51,FedStrategist,a,0.7359,-0.014599999999999946
0.05,sign_flipping,FedStrategist,b,0.5496,51,FedStrategist,a,0.5243,0.02529999999999999
0.05,gaussian_noise,FedStrategist,b,0.566,51,FedStrategist,a,0.3987,0.16729999999999995
0.05,label_flipping,FedStrategist,b,0.7018000000000001,51,FedStrategist,a,0.6719000000000002,0.029899999999999927
