alpha,attack_type,strategy,accuracy,seed
0.5,fltrust_aligned,median,0.9000000000000001,42
0.5,fltrust_aligned,trimmed_mean,0.8981,42
0.5,fltrust_aligned,krum,0.8962,42
0.5,trim_attack,median,0.8525,42
0.5,trim_attack,trimmed_mean,0.8684,42
0.5,trim_attack,krum,0.8417,42
0.5,krum_collusion,median,0.8618,42
0.5,krum_collusion,trimmed_mean,0.8799000000000001,42
0.5,krum_collusion,krum,0.8863999999999999,42
0.5,low_mag_backdoor,median,0.8961000000000002,42
0.5,low_mag_backdoor,trimmed_mean,0.8979999999999999,42
0.5,low_mag_backdoor,krum,0.8839,42
0.5,sign_flipping,median,0.8607000000000001,42
0.5,sign_flipping,trimmed_mean,0.8736,42
0.5,sign_flipping,krum,0.8839,42
0.5,gaussian_noise,median,0.8916000000000001,42
0.5,gaussian_noise,trimmed_mean,0.8939,42
0.5,gaussian_noise,krum,0.8856999999999999,42
0.5,label_flipping,median,0.8775999999999999,42
0.5,label_flipping,trimmed_mean,0.8852,42
0.5,label_flipping,krum,0.8869,42
0.1,fltrust_aligned,median,0.8337,42
0.1,fltrust_aligned,trimmed_mean,0.8719000000000001,42
0.1,fltrust_aligned,krum,0.8946999999999999,42
0.1,trim_attack,median,0.4058,42
0.1,trim_attack,trimmed_mean,0.3946999999999999,42
0.1,trim_attack,krum,0.1943,42
0.1,krum_collusion,median,0.4197,42
0.1,krum_collusion,trimmed_mean,0.4245,42
0.1,krum_collusion,krum,0.1946,42
0.1,low_mag_backdoor,median,0.7388999999999999,42
0.1,low_mag_backdoor,trimmed_mean,0.8307999999999998,42
0.1,low_mag_backdoor,krum,0.5419,42
0.1,sign_flipping,median,0.4199,42
0.1,sign_flipping,trimmed_mean,0.4391999999999999,42
0.1,sign_flipping,krum,0.1938,42
0.1,gaussian_noise,median,0.631,42
0.1,gaussian_noise,trimmed_mean,0.8055,42
0.1,gaussian_noise,krum,0.1941,42
0.1,label_flipping,median,0.5282000000000001,42
0.1,label_flipping,trimmed_mean,0.5931,42
0.1,label_flipping,krum,0.194,42
0.05,fltrust_aligned,median,0.678,42
0.05,fltrust_aligned,trimmed_mean,0.8474,42
0.05,fltrust_aligned,krum,0.8966999999999998,42
0.05,trim_attack,median,0.3782999999999999,42
0.05,trim_attack,trimmed_mean,0.4191999999999999,42
0.05,trim_attack,krum,0.3100999999999999,42
0.05,krum_collusion,median,0.4551999999999999,42
0.05,krum_collusion,trimmed_mean,0.4661,42
0.05,krum_collusion,krum,0.3095,42
0.05,low_mag_backdoor,median,0.6162000000000001,42
0.05,low_mag_backdoor,trimmed_mean,0.7645000000000001,42
0.05,low_mag_backdoor,krum,0.3277,42
0.05,sign_flipping,median,0.4585,42
0.05,sign_flipping,trimmed_mean,0.5075000000000001,42
0.05,sign_flipping,krum,0.2920999999999999,42
0.05,gaussian_noise,median,0.5671,42
0.05,gaussian_noise,trimmed_mean,0.7415,42
0.05,gaussian_noise,krum,0.3109,42
0.05,label_flipping,median,0.5624,42
0.05,label_flipping,trimmed_mean,0.5962,42
0.05,label_flipping,krum,0.0178,42
0.5,fltrust_aligned,median,0.9000000000000001,43
0.5,fltrust_aligned,trimmed_mean,0.8983000000000001,43
0.5,fltrust_aligned,krum,0.8956999999999999,43
0.5,trim_attack,median,0.8538,43
0.5,trim_attack,trimmed_mean,0.8687999999999999,43
0.5,trim_attack,krum,0.8425,43
0.5,krum_collusion,median,0.8634999999999999,43
0.5,krum_collusion,trimmed_mean,0.8796999999999999,43
0.5,krum_collusion,krum,0.8437999999999999,43
0.5,low_mag_backdoor,median,0.8962999999999999,43
0.5,low_mag_backdoor,trimmed_mean,0.8989,43
0.5,low_mag_backdoor,krum,0.8849,43
0.5,sign_flipping,median,0.8609,43
0.5,sign_flipping,trimmed_mean,0.8731,43
0.5,sign_flipping,krum,0.8855999999999999,43
0.5,gaussian_noise,median,0.8930000000000001,43
0.5,gaussian_noise,trimmed_mean,0.8945000000000001,43
0.5,gaussian_noise,krum,0.8438000000000001,43
0.5,label_flipping,median,0.8759,43
0.5,label_flipping,trimmed_mean,0.8868,43
0.5,label_flipping,krum,0.8870000000000001,43
0.1,fltrust_aligned,median,0.8334999999999999,43
0.1,fltrust_aligned,trimmed_mean,0.8718,43
0.1,fltrust_aligned,krum,0.8948,43
0.1,trim_attack,median,0.4072,43
0.1,trim_attack,trimmed_mean,0.3939,43
0.1,trim_attack,krum,0.194,43
0.1,krum_collusion,median,0.4161,43
0.1,krum_collusion,trimmed_mean,0.4274,43
0.1,krum_collusion,krum,0.1941999999999999,43
0.1,low_mag_backdoor,median,0.7396999999999999,43
0.1,low_mag_backdoor,trimmed_mean,0.8319000000000001,43
0.1,low_mag_backdoor,krum,0.5407000000000001,43
0.1,sign_flipping,median,0.4202,43
0.1,sign_flipping,trimmed_mean,0.4391,43
0.1,sign_flipping,krum,0.1947,43
0.1,gaussian_noise,median,0.6196999999999999,43
0.1,gaussian_noise,trimmed_mean,0.7979,43
0.1,gaussian_noise,krum,0.1937,43
0.1,label_flipping,median,0.5255,43
0.1,label_flipping,trimmed_mean,0.5932,43
0.1,label_flipping,krum,0.1936,43
0.05,fltrust_aligned,median,0.6777,43
0.05,fltrust_aligned,trimmed_mean,0.8482,43
0.05,fltrust_aligned,krum,0.8951,43
0.05,trim_attack,median,0.3774,43
0.05,trim_attack,trimmed_mean,0.4185,43
0.05,trim_attack,krum,0.3097,43
0.05,krum_collusion,median,0.4545999999999999,43
0.05,krum_collusion,trimmed_mean,0.4718,43
0.05,krum_collusion,krum,0.3102999999999999,43
0.05,low_mag_backdoor,median,0.6173,43
0.05,low_mag_backdoor,trimmed_mean,0.7642000000000001,43
0.05,low_mag_backdoor,krum,0.3279,43
0.05,sign_flipping,median,0.4606,43
0.05,sign_flipping,trimmed_mean,0.507,43
0.05,sign_flipping,krum,0.2891,43
0.05,gaussian_noise,median,0.5647,43
0.05,gaussian_noise,trimmed_mean,0.7386999999999999,43
0.05,gaussian_noise,krum,0.3102999999999999,43
0.05,label_flipping,median,0.562,43
0.05,label_flipping,trimmed_mean,0.5967,43
0.05,label_flipping,krum,0.0178,43
0.5,fltrust_aligned,median,0.9000000000000001,44
0.5,fltrust_aligned,trimmed_mean,0.8991,44
0.5,fltrust_aligned,krum,0.8955,44
0.5,trim_attack,median,0.8523999999999999,44
0.5,trim_attack,trimmed_mean,0.8695999999999999,44
0.5,trim_attack,krum,0.8864000000000001,44
0.5,krum_collusion,median,0.8641,44
0.5,krum_collusion,trimmed_mean,0.8802999999999999,44
0.5,krum_collusion,krum,0.8872,44
0.5,low_mag_backdoor,median,0.8963000000000001,44
0.5,low_mag_backdoor,trimmed_mean,0.8984,44
0.5,low_mag_backdoor,krum,0.8832000000000001,44
0.5,sign_flipping,median,0.8597999999999999,44
0.5,sign_flipping,trimmed_mean,0.8728,44
0.5,sign_flipping,krum,0.8849,44
0.5,gaussian_noise,median,0.8933,44
0.5,gaussian_noise,trimmed_mean,0.8958999999999999,44
0.5,gaussian_noise,krum,0.8436,44
0.5,label_flipping,median,0.8767999999999999,44
0.5,label_flipping,trimmed_mean,0.8866000000000002,44
0.5,label_flipping,krum,0.8872,44
0.1,fltrust_aligned,median,0.8352,44
0.1,fltrust_aligned,trimmed_mean,0.8716999999999999,44
0.1,fltrust_aligned,krum,0.8943999999999999,44
0.1,trim_attack,median,0.4039,44
0.1,trim_attack,trimmed_mean,0.3934,44
0.1,trim_attack,krum,0.1942,44
0.1,krum_collusion,median,0.4253,44
0.1,krum_collusion,trimmed_mean,0.4302,44
0.1,krum_collusion,krum,0.1947,44
0.1,low_mag_backdoor,median,0.7392,44
0.1,low_mag_backdoor,trimmed_mean,0.8312999999999999,44
0.1,low_mag_backdoor,krum,0.5412000000000001,44
0.1,sign_flipping,median,0.4201,44
0.1,sign_flipping,trimmed_mean,0.4383,44
0.1,sign_flipping,krum,0.1939,44
0.1,gaussian_noise,median,0.6332000000000001,44
0.1,gaussian_noise,trimmed_mean,0.8091000000000002,44
0.1,gaussian_noise,krum,0.1943,44
0.1,label_flipping,median,0.5276,44
0.1,label_flipping,trimmed_mean,0.5911,44
0.1,label_flipping,krum,0.1937,44
0.05,fltrust_aligned,median,0.6773,44
0.05,fltrust_aligned,trimmed_mean,0.8480999999999999,44
0.05,fltrust_aligned,krum,0.8964000000000001,44
0.05,trim_attack,median,0.3719,44
0.05,trim_attack,trimmed_mean,0.4159,44
0.05,trim_attack,krum,0.3102,44
0.05,krum_collusion,median,0.4544,44
0.05,krum_collusion,trimmed_mean,0.4716999999999999,44
0.05,krum_collusion,krum,0.3098999999999999,44
0.05,low_mag_backdoor,median,0.6133,44
0.05,low_mag_backdoor,trimmed_mean,0.7651000000000001,44
0.05,low_mag_backdoor,krum,0.3281,44
0.05,sign_flipping,median,0.4585000000000001,44
0.05,sign_flipping,trimmed_mean,0.508,44
0.05,sign_flipping,krum,0.098,44
0.05,gaussian_noise,median,0.5667000000000001,44
0.05,gaussian_noise,trimmed_mean,0.7321,44
0.05,gaussian_noise,krum,0.3097999999999999,44
0.05,label_flipping,median,0.563,44
0.05,label_flipping,trimmed_mean,0.595,44
0.05,label_flipping,krum,0.0177,44
0.5,fltrust_aligned,fltrust,0.6787,42
0.5,trim_attack,fltrust,0.7573,42
0.5,krum_collusion,fltrust,0.7572,42
0.5,low_mag_backdoor,fltrust,0.784,42
0.5,sign_flipping,fltrust,0.7572000000000001,42
0.5,gaussian_noise,fltrust,0.7573,42
0.5,label_flipping,fltrust,0.7583,42
0.1,fltrust_aligned,fltrust,0.7082999999999999,42
0.1,trim_attack,fltrust,0.4784999999999999,42
0.1,krum_collusion,fltrust,0.4795,42
0.1,low_mag_backdoor,fltrust,0.6850999999999999,42
0.1,sign_flipping,fltrust,0.4730999999999999,42
0.1,gaussian_noise,fltrust,0.4749,42
0.1,label_flipping,fltrust,0.4742,42
0.05,fltrust_aligned,fltrust,0.5835000000000001,42
0.05,trim_attack,fltrust,0.53,42
0.05,krum_collusion,fltrust,0.5322,42
0.05,low_mag_backdoor,fltrust,0.5564,42
0.05,sign_flipping,fltrust,0.5308,42
0.05,gaussian_noise,fltrust,0.5256000000000001,42
0.05,label_flipping,fltrust,0.5246,42
0.5,fltrust_aligned,fltrust,0.8051,43
0.5,trim_attack,fltrust,0.7719,43
0.5,krum_collusion,fltrust,0.7726000000000001,43
0.5,low_mag_backdoor,fltrust,0.7952999999999999,43
0.5,sign_flipping,fltrust,0.772,43
0.5,gaussian_noise,fltrust,0.7725,43
0.5,label_flipping,fltrust,0.7718,43
0.1,fltrust_aligned,fltrust,0.5601,43
0.1,trim_attack,fltrust,0.5752999999999999,43
0.1,krum_collusion,fltrust,0.5738000000000001,43
0.1,low_mag_backdoor,fltrust,0.7282,43
0.1,sign_flipping,fltrust,0.5816,43
0.1,gaussian_noise,fltrust,0.5809,43
0.1,label_flipping,fltrust,0.5740999999999999,43
0.05,fltrust_aligned,fltrust,0.6670999999999999,43
0.05,trim_attack,fltrust,0.5981,43
0.05,krum_collusion,fltrust,0.5912000000000001,43
0.05,low_mag_backdoor,fltrust,0.7026,43
0.05,sign_flipping,fltrust,0.6032000000000001,43
0.05,gaussian_noise,fltrust,0.5959000000000001,43
0.05,label_flipping,fltrust,0.5992,43
0.5,fltrust_aligned,fltrust,0.731,44
0.5,trim_attack,fltrust,0.7796000000000001,44
0.5,krum_collusion,fltrust,0.7813000000000001,44
0.5,low_mag_backdoor,fltrust,0.8116,44
0.5,sign_flipping,fltrust,0.7809999999999999,44
0.5,gaussian_noise,fltrust,0.7787,44
0.5,label_flipping,fltrust,0.7819,44
0.1,fltrust_aligned,fltrust,0.5708,44
0.1,trim_attack,fltrust,0.5709,44
0.1,krum_collusion,fltrust,0.5734999999999999,44
0.1,low_mag_backdoor,fltrust,0.5417,44
0.1,sign_flipping,fltrust,0.5786,44
0.1,gaussian_noise,fltrust,0.5762,44
0.1,label_flipping,fltrust,0.5751999999999999,44
0.05,fltrust_aligned,fltrust,0.5572999999999999,44
0.05,trim_attack,fltrust,0.6458000000000002,44
0.05,krum_collusion,fltrust,0.6373,44
0.05,low_mag_backdoor,fltrust,0.6694,44
0.05,sign_flipping,fltrust,0.6473000000000001,44
0.05,gaussian_noise,fltrust,0.6395,44
0.05,label_flipping,fltrust,0.6456000000000001,44
0.5,fltrust_aligned,fltrust,0.7321000000000001,45
0.5,trim_attack,fltrust,0.7779,45
0.5,krum_collusion,fltrust,0.7782000000000001,45
0.5,low_mag_backdoor,fltrust,0.8128,45
0.5,sign_flipping,fltrust,0.7761,45
0.5,gaussian_noise,fltrust,0.7765000000000001,45
0.5,label_flipping,fltrust,0.7784,45
0.1,fltrust_aligned,fltrust,0.3935,45
0.1,trim_attack,fltrust,0.4109,45
0.1,krum_collusion,fltrust,0.4079999999999999,45
0.1,low_mag_backdoor,fltrust,0.4829,45
0.1,sign_flipping,fltrust,0.4033,45
0.1,gaussian_noise,fltrust,0.4016,45
0.1,label_flipping,fltrust,0.4044999999999999,45
0.05,fltrust_aligned,fltrust,0.5517000000000001,45
0.05,trim_attack,fltrust,0.5218999999999999,45
0.05,krum_collusion,fltrust,0.5263,45
0.05,low_mag_backdoor,fltrust,0.5169999999999999,45
0.05,sign_flipping,fltrust,0.534,45
0.05,gaussian_noise,fltrust,0.5238,45
0.05,label_flipping,fltrust,0.5114000000000001,45
0.5,fltrust_aligned,fltrust,0.7129000000000001,46
0.5,trim_attack,fltrust,0.7798999999999999,46
0.5,krum_collusion,fltrust,0.7807000000000001,46
0.5,low_mag_backdoor,fltrust,0.7872,46
0.5,sign_flipping,fltrust,0.7799000000000001,46
0.5,gaussian_noise,fltrust,0.7799000000000001,46
0.5,label_flipping,fltrust,0.7803000000000001,46
0.1,fltrust_aligned,fltrust,0.5175,46
0.1,trim_attack,fltrust,0.5393000000000001,46
0.1,krum_collusion,fltrust,0.5395000000000001,46
0.1,low_mag_backdoor,fltrust,0.6540000000000001,46
0.1,sign_flipping,fltrust,0.5416000000000001,46
0.1,gaussian_noise,fltrust,0.5402,46
0.1,label_flipping,fltrust,0.5403,46
0.05,fltrust_aligned,fltrust,0.5405,46
0.05,trim_attack,fltrust,0.4470999999999999,46
0.05,krum_collusion,fltrust,0.4502,46
0.05,low_mag_backdoor,fltrust,0.4434,46
0.05,sign_flipping,fltrust,0.4503999999999999,46
0.05,gaussian_noise,fltrust,0.448,46
0.05,label_flipping,fltrust,0.4513,46
0.5,fltrust_aligned,fltrust,0.7309,47
0.5,trim_attack,fltrust,0.7785,47
0.5,krum_collusion,fltrust,0.7794000000000001,47
0.5,low_mag_backdoor,fltrust,0.7781,47
0.5,sign_flipping,fltrust,0.7785000000000001,47
0.5,gaussian_noise,fltrust,0.7785,47
0.5,label_flipping,fltrust,0.7787000000000001,47
0.1,fltrust_aligned,fltrust,0.629,47
0.1,trim_attack,fltrust,0.6305000000000002,47
0.1,krum_collusion,fltrust,0.6337999999999999,47
0.1,low_mag_backdoor,fltrust,0.7207999999999999,47
0.1,sign_flipping,fltrust,0.6311,47
0.1,gaussian_noise,fltrust,0.6330000000000001,47
0.1,label_flipping,fltrust,0.6336999999999999,47
0.05,fltrust_aligned,fltrust,0.5699,47
0.05,trim_attack,fltrust,0.5427000000000001,47
0.05,krum_collusion,fltrust,0.5468999999999999,47
0.05,low_mag_backdoor,fltrust,0.5391,47
0.05,sign_flipping,fltrust,0.5534000000000001,47
0.05,gaussian_noise,fltrust,0.529,47
0.05,label_flipping,fltrust,0.5436,47
0.5,fltrust_aligned,fltrust,0.7061,48
0.5,trim_attack,fltrust,0.7579,48
0.5,krum_collusion,fltrust,0.7585000000000001,48
0.5,low_mag_backdoor,fltrust,0.7871,48
0.5,sign_flipping,fltrust,0.7586,48
0.5,gaussian_noise,fltrust,0.7588000000000001,48
0.5,label_flipping,fltrust,0.7598,48
0.1,fltrust_aligned,fltrust,0.6238,48
0.1,trim_attack,fltrust,0.5132000000000001,48
0.1,krum_collusion,fltrust,0.5146,48
0.1,low_mag_backdoor,fltrust,0.6687000000000001,48
0.1,sign_flipping,fltrust,0.509,48
0.1,gaussian_noise,fltrust,0.5063000000000001,48
0.1,label_flipping,fltrust,0.5096999999999999,48
0.05,fltrust_aligned,fltrust,0.539,48
0.05,trim_attack,fltrust,0.5618000000000001,48
0.05,krum_collusion,fltrust,0.562,48
0.05,low_mag_backdoor,fltrust,0.5972999999999999,48
0.05,sign_flipping,fltrust,0.5373,48
0.05,gaussian_noise,fltrust,0.5660000000000001,48
0.05,label_flipping,fltrust,0.5622,48
0.5,fltrust_aligned,fltrust,0.7078999999999999,49
0.5,trim_attack,fltrust,0.7701,49
0.5,krum_collusion,fltrust,0.7700000000000001,49
0.5,low_mag_backdoor,fltrust,0.7892,49
0.5,sign_flipping,fltrust,0.7695000000000001,49
0.5,gaussian_noise,fltrust,0.7713000000000001,49
0.5,label_flipping,fltrust,0.7711,49
0.1,fltrust_aligned,fltrust,0.4497000000000001,49
0.1,trim_attack,fltrust,0.4766,49
0.1,krum_collusion,fltrust,0.477,49
0.1,low_mag_backdoor,fltrust,0.4857,49
0.1,sign_flipping,fltrust,0.4791999999999999,49
0.1,gaussian_noise,fltrust,0.4740999999999999,49
0.1,label_flipping,fltrust,0.4779,49
0.05,fltrust_aligned,fltrust,0.6201000000000001,49
0.05,trim_attack,fltrust,0.5612999999999999,49
0.05,krum_collusion,fltrust,0.5633,49
0.05,low_mag_backdoor,fltrust,0.5750000000000001,49
0.05,sign_flipping,fltrust,0.5584999999999999,49
0.05,gaussian_noise,fltrust,0.5673,49
0.05,label_flipping,fltrust,0.5530999999999999,49
0.5,fltrust_aligned,fltrust,0.767,50
0.5,trim_attack,fltrust,0.779,50
0.5,krum_collusion,fltrust,0.7792999999999999,50
0.5,low_mag_backdoor,fltrust,0.8075000000000001,50
0.5,sign_flipping,fltrust,0.7797000000000001,50
0.5,gaussian_noise,fltrust,0.7791000000000001,50
0.5,label_flipping,fltrust,0.78,50
0.1,fltrust_aligned,fltrust,0.6193,50
0.1,trim_attack,fltrust,0.5962000000000001,50
0.1,krum_collusion,fltrust,0.5988,50
0.1,low_mag_backdoor,fltrust,0.7313999999999999,50
0.1,sign_flipping,fltrust,0.6014,50
0.1,gaussian_noise,fltrust,0.5993999999999999,50
0.1,label_flipping,fltrust,0.5937,50
0.05,fltrust_aligned,fltrust,0.5291000000000001,50
0.05,trim_attack,fltrust,0.5167999999999999,50
0.05,krum_collusion,fltrust,0.5183,50
0.05,low_mag_backdoor,fltrust,0.4835,50
0.05,sign_flipping,fltrust,0.5172,50
0.05,gaussian_noise,fltrust,0.5157999999999999,50
0.05,label_flipping,fltrust,0.519,50
0.5,fltrust_aligned,fltrust,0.7132999999999999,51
0.5,trim_attack,fltrust,0.7659,51
0.5,krum_collusion,fltrust,0.7644000000000001,51
0.5,low_mag_backdoor,fltrust,0.7957000000000001,51
0.5,sign_flipping,fltrust,0.7646999999999999,51
0.5,gaussian_noise,fltrust,0.765,51
0.5,label_flipping,fltrust,0.7644,51
0.1,fltrust_aligned,fltrust,0.5092,51
0.1,trim_attack,fltrust,0.5365,51
0.1,krum_collusion,fltrust,0.5368999999999999,51
0.1,low_mag_backdoor,fltrust,0.4384,51
0.1,sign_flipping,fltrust,0.531,51
0.1,gaussian_noise,fltrust,0.5327,51
0.1,label_flipping,fltrust,0.5305000000000001,51
0.05,fltrust_aligned,fltrust,0.5312,51
0.05,trim_attack,fltrust,0.4165999999999999,51
0.05,krum_collusion,fltrust,0.4155999999999999,51
0.05,low_mag_backdoor,fltrust,0.5174,51
0.05,sign_flipping,fltrust,0.4202,51
0.05,gaussian_noise,fltrust,0.4251999999999999,51
0.05,label_flipping,fltrust,0.4162,51
