attack,seed,drift,S_swap,S_shuffle,S_swap_pi0,pi0_dist_center
LMP,105,0.009726597547531128,0.006234578132629395,0.0053961859345436096,0.005747291803359985,0.03632587176561357
LMP,106,0.00992410284280777,0.0061539003252983095,0.006139244973659515,0.005760367810726166,0.02590010446310043
LMP,107,0.009115759849548339,0.0043945335149765015,0.004573690831661224,0.004318927943706512,0.03222211223840712
LMP,108,0.008510324954986572,0.005654322385787964,0.004738747298717498,0.00570983099937439,0.016154214715957637
LMP,109,0.008299351274967193,0.005226747930049896,0.005063144564628601,0.004735888421535492,0.027291399312019366
LMP,110,0.012031878173351288,0.0050236225724220275,0.004846227169036865,0.004780925095081329,0.021529420793056503
LMP,111,0.010661828935146332,0.0058400496244430545,0.006362109482288361,0.0056611658930778505,0.02362533832788467
LMP,112,0.014693027198314666,0.0057995752096176145,0.0061386415362358095,0.006029163420200348,0.023383160471916194
LMP,113,0.00935683387517929,0.005016485869884491,0.0044447585940361025,0.004972749412059784,0.03518649804592134
LMP,114,0.010307111978530884,0.005340782046318054,0.005714207351207733,0.005277187883853912,0.03461710077524184
EB,105,0.007935998022556305,0.006116509318351746,0.007265493988990784,0.005747291803359985,0.03575970977544786
EB,106,0.008335831165313721,0.006170963168144226,0.0072891472578048705,0.005760367810726166,0.025453189492225643
EB,107,0.00959577077627182,0.00437180769443512,0.005457707703113556,0.004318927943706512,0.03222536361217497
EB,108,0.009442136585712434,0.00581936889886856,0.006121484100818634,0.00570983099937439,0.016129800248146055
EB,109,0.006970993340015412,0.005106449604034424,0.010578674557805062,0.004735888421535492,0.027150367867946643
EB,110,0.010645557284355164,0.005018088638782501,0.006615045666694641,0.004780925095081329,0.021351010203361526
EB,111,0.011746702671051025,0.0057831997871398925,0.007234365701675415,0.0056611658930778505,0.023005601716041556
EB,112,0.012007750034332276,0.005759407103061676,0.006114235997200012,0.006029163420200348,0.022498294770717617
EB,113,0.008161543488502503,0.0047804821729660035,0.005883718907833099,0.004972749412059784,0.03458342965841295
EB,114,0.009918208241462707,0.005432873547077179,0.007066962301731109,0.005277187883853912,0.03450875091552733
