alpha,attack_type,variant,seed,accuracy
0.5,fltrust_aligned,cosserver_only,58,0.8261999999999998
0.5,trim_attack,cosserver_only,58,0.8853
0.5,krum_collusion,cosserver_only,58,0.8854
0.5,low_mag_backdoor,cosserver_only,58,0.9042000000000001
0.5,sign_flipping,cosserver_only,58,0.8917000000000002
0.5,gaussian_noise,cosserver_only,58,0.8863999999999999
0.5,label_flipping,cosserver_only,58,0.8707
0.1,fltrust_aligned,cosserver_only,58,0.793
0.1,trim_attack,cosserver_only,58,0.8550000000000001
0.1,krum_collusion,cosserver_only,58,0.8560000000000001
0.1,low_mag_backdoor,cosserver_only,58,0.8556000000000001
0.1,sign_flipping,cosserver_only,58,0.8521000000000001
0.1,gaussian_noise,cosserver_only,58,0.8532
0.1,label_flipping,cosserver_only,58,0.8508999999999999
0.05,fltrust_aligned,cosserver_only,58,0.7713000000000001
0.05,trim_attack,cosserver_only,58,0.8078000000000001
0.05,krum_collusion,cosserver_only,58,0.73
0.05,low_mag_backdoor,cosserver_only,58,0.8637
0.05,sign_flipping,cosserver_only,58,0.8226999999999999
0.05,gaussian_noise,cosserver_only,58,0.5065999999999999
0.05,label_flipping,cosserver_only,58,0.7513
