attack,condition,seed,n_steps,n_steps_raw,final_acc,att_mass_mean,n_resets_extra,simlc_rows_per_round,act_dist_center_post100,act_std_post100,primary
EB,fixed,100,500,500,0.9303886217948718,2.0786272093185196e-05,1,1.582,5.960464455334602e-09,0.0,0.8810937499999999
EB,fixed,101,500,500,0.9697516025641025,0.0005659015461408708,1,1.46,5.960464455334602e-09,0.0,0.967421875
EB,fixed,102,500,500,0.9671474358974359,0.0,0,1.592,5.960464455334602e-09,0.0,0.9671274038461539
EB,fixed,103,500,500,0.965645032051282,0.00018817449640543202,0,1.528,5.960464455334602e-09,0.0,0.9638701923076924
EB,fixed,104,500,500,0.9594350961538461,0.0002176754549699511,1,1.398,5.960464455334602e-09,0.0,0.962167467948718
EB,random,100,500,500,0.9309895833333334,0.0012898494307076243,9,1.224,0.2374412846434745,0.2727051802780036,0.9163161057692306
EB,random,101,500,500,0.476963141025641,0.0008843832282478068,14,1.058,0.23879343841271983,0.2741512972771621,0.6994691506410257
EB,random,102,500,500,0.9033453525641025,0.0022795950643298957,17,0.944,0.2410655969392901,0.2766131294193161,0.8142347756410255
EB,random,103,500,500,0.5776241987179487,0.0006527592100252486,9,1.156,0.23912909666331705,0.2758924002077444,0.7968890224358973
EB,random,104,500,500,0.8693910256410257,0.00038850547189076744,11,1.02,0.23924982528011607,0.27533283804749165,0.663026842948718
EB,td3,100,500,501,0.9035456730769231,0.0005372996817349806,6,1.278,0.042977408724837005,0.05355719996977436,0.8249819711538461
EB,td3,101,500,501,0.9651442307692307,0.0001621300486010829,1,1.504,0.0464125893175602,0.04749619945625487,0.9656049679487181
EB,td3,102,500,501,0.9667467948717948,0.0002448697866874945,3,1.46,0.04858056302070619,0.047184627461827486,0.9659835737179487
EB,td3,103,500,501,0.9675480769230769,0.0002441775060255342,1,1.436,0.04468328646123409,0.05158097339824087,0.9663782051282052
EB,td3,104,500,501,0.9664463141025641,1.0114514888196656e-05,3,1.322,0.04158255650997163,0.04774987518756007,0.9678786057692307
LMP,fixed,100,500,500,0.9661458333333334,0.0,0,0.0,5.960464455334602e-09,0.0,0.9659094551282051
LMP,fixed,101,500,500,0.9673477564102564,0.0,1,0.014,5.960464455334602e-09,0.0,0.9654467147435898
LMP,fixed,102,500,500,0.9684495192307693,0.0,0,0.0,5.960464455334602e-09,0.0,0.9680408653846154
LMP,fixed,103,500,500,0.9624399038461539,0.0,0,0.0,5.960464455334602e-09,0.0,0.963135016025641
LMP,fixed,104,500,500,0.9655448717948718,0.0,0,0.0,5.960464455334602e-09,0.0,0.9655368589743588
LMP,random,100,500,500,0.9688501602564102,0.00013190111551526402,0,0.0,0.2374412846434745,0.2727051802780036,0.9685817307692307
LMP,random,101,500,500,0.9666466346153846,3.4813940416467565e-05,0,0.0,0.23879343841271983,0.2741512972771621,0.9662960737179488
LMP,random,102,500,500,0.9691506410256411,8.124907774479218e-05,0,0.0,0.2410655969392901,0.2766131294193161,0.9679326923076923
LMP,random,103,500,500,0.9642427884615384,5.9494845728744825e-05,0,0.0,0.23912909666331705,0.2758924002077444,0.9640965544871796
LMP,random,104,500,500,0.9706530448717948,0.0001209613319884803,0,0.0,0.23924982528011607,0.27533283804749165,0.9687079326923077
LMP,td3,100,500,501,0.9666466346153846,2.3083874617989018e-05,3,0.002,0.04162903012335301,0.04859900761132898,0.9647736378205128
LMP,td3,101,500,501,0.9701522435897436,2.628194519216386e-05,0,0.0,0.046023891082406045,0.04721492044837534,0.9696294070512821
LMP,td3,102,500,501,0.9684495192307693,1.489130773947694e-05,0,0.0,0.04885155112147332,0.04703047190021721,0.9656971153846153
LMP,td3,103,500,501,0.9665464743589743,0.0,0,0.0,0.04381174343526364,0.04727840447217517,0.9668048878205127
LMP,td3,104,500,501,0.9694511217948718,9.53319015603234e-09,0,0.0,0.04146939358711243,0.04769601785253618,0.9674979967948718
