alpha,seed,system,H,accuracy
0.05,42,teto_fedavg10,15,0.8534
0.05,42,teto_fedavg10,50,0.8855999999999999
0.05,42,teto_fedavg10,150,0.8946
0.05,42,teto_oraculo_fedavg8,15,0.7708000000000002
0.05,42,teto_oraculo_fedavg8,50,0.8398999999999999
0.05,42,teto_oraculo_fedavg8,150,0.8643000000000001
0.05,43,teto_fedavg10,15,0.8525
0.05,43,teto_fedavg10,50,0.8854
0.05,43,teto_fedavg10,150,0.8950000000000001
0.05,43,teto_oraculo_fedavg8,15,0.7717
0.05,43,teto_oraculo_fedavg8,50,0.8394999999999999
0.05,43,teto_oraculo_fedavg8,150,0.8648
0.05,44,teto_fedavg10,15,0.8529
0.05,44,teto_fedavg10,50,0.8852
0.05,44,teto_fedavg10,150,0.8947
0.05,44,teto_oraculo_fedavg8,15,0.7715000000000001
0.05,44,teto_oraculo_fedavg8,50,0.8398999999999999
0.05,44,teto_oraculo_fedavg8,150,0.8643000000000001
0.05,45,teto_fedavg10,15,0.8536999999999999
0.05,45,teto_fedavg10,50,0.8858
0.05,45,teto_fedavg10,150,0.8946
0.05,45,teto_oraculo_fedavg8,15,0.7712
0.05,45,teto_oraculo_fedavg8,50,0.8405999999999999
0.05,45,teto_oraculo_fedavg8,150,0.8648
0.05,46,teto_fedavg10,15,0.8533999999999999
0.05,46,teto_fedavg10,50,0.8854
0.05,46,teto_fedavg10,150,0.8946
0.05,46,teto_oraculo_fedavg8,15,0.7714000000000001
0.05,46,teto_oraculo_fedavg8,50,0.8400000000000001
0.05,46,teto_oraculo_fedavg8,150,0.8645999999999999
0.05,47,teto_fedavg10,15,0.8535999999999999
0.05,47,teto_fedavg10,50,0.8853
0.05,47,teto_fedavg10,150,0.8948
0.05,47,teto_oraculo_fedavg8,15,0.7707
0.05,47,teto_oraculo_fedavg8,50,0.8388
0.05,47,teto_oraculo_fedavg8,150,0.8647
0.05,48,teto_fedavg10,15,0.8535
0.05,48,teto_fedavg10,50,0.8855000000000001
0.05,48,teto_fedavg10,150,0.8953
0.05,48,teto_oraculo_fedavg8,15,0.7716000000000001
0.05,48,teto_oraculo_fedavg8,50,0.8392999999999999
0.05,48,teto_oraculo_fedavg8,150,0.8648
0.05,49,teto_fedavg10,15,0.8542
0.05,49,teto_fedavg10,50,0.8854000000000001
0.05,49,teto_fedavg10,150,0.8948
0.05,49,teto_oraculo_fedavg8,15,0.7706000000000002
0.05,49,teto_oraculo_fedavg8,50,0.8395999999999999
0.05,49,teto_oraculo_fedavg8,150,0.8648
0.05,50,teto_fedavg10,15,0.8539999999999999
0.05,50,teto_fedavg10,50,0.8849
0.05,50,teto_fedavg10,150,0.8945000000000001
0.05,50,teto_oraculo_fedavg8,15,0.772
0.05,50,teto_oraculo_fedavg8,50,0.8399999999999999
0.05,50,teto_oraculo_fedavg8,150,0.8647
0.05,51,teto_fedavg10,15,0.8527999999999999
0.05,51,teto_fedavg10,50,0.8855999999999999
0.05,51,teto_fedavg10,150,0.8949
0.05,51,teto_oraculo_fedavg8,15,0.7712000000000001
0.05,51,teto_oraculo_fedavg8,50,0.8401
0.05,51,teto_oraculo_fedavg8,150,0.8646
0.1,42,teto_fedavg10,15,0.8550000000000001
0.1,42,teto_fedavg10,50,0.8853
0.1,42,teto_fedavg10,150,0.8940999999999999
0.1,42,teto_oraculo_fedavg8,15,0.7895000000000001
0.1,42,teto_oraculo_fedavg8,50,0.8252
0.1,42,teto_oraculo_fedavg8,150,0.8498999999999999
0.1,43,teto_fedavg10,15,0.8547
0.1,43,teto_fedavg10,50,0.8850000000000001
0.1,43,teto_fedavg10,150,0.8942
0.1,43,teto_oraculo_fedavg8,15,0.7892
0.1,43,teto_oraculo_fedavg8,50,0.8253999999999999
0.1,43,teto_oraculo_fedavg8,150,0.8497
0.1,44,teto_fedavg10,15,0.8557
0.1,44,teto_fedavg10,50,0.8854
0.1,44,teto_fedavg10,150,0.8945000000000001
0.1,44,teto_oraculo_fedavg8,15,0.7895000000000001
0.1,44,teto_oraculo_fedavg8,50,0.8244999999999999
0.1,44,teto_oraculo_fedavg8,150,0.8501
0.1,45,teto_fedavg10,15,0.8561
0.1,45,teto_fedavg10,50,0.8855000000000001
0.1,45,teto_fedavg10,150,0.8940000000000001
0.1,45,teto_oraculo_fedavg8,15,0.7901
0.1,45,teto_oraculo_fedavg8,50,0.8245999999999999
0.1,45,teto_oraculo_fedavg8,150,0.8499999999999999
0.1,46,teto_fedavg10,15,0.8548
0.1,46,teto_fedavg10,50,0.8848
0.1,46,teto_fedavg10,150,0.8940000000000001
0.1,46,teto_oraculo_fedavg8,15,0.7891
0.1,46,teto_oraculo_fedavg8,50,0.8245000000000001
0.1,46,teto_oraculo_fedavg8,150,0.8501
0.1,47,teto_fedavg10,15,0.8542
0.1,47,teto_fedavg10,50,0.8858
0.1,47,teto_fedavg10,150,0.8943000000000001
0.1,47,teto_oraculo_fedavg8,15,0.79
0.1,47,teto_oraculo_fedavg8,50,0.8237
0.1,47,teto_oraculo_fedavg8,150,0.85
0.1,48,teto_fedavg10,15,0.8560000000000001
0.1,48,teto_fedavg10,50,0.8854
0.1,48,teto_fedavg10,150,0.8946999999999999
0.1,48,teto_oraculo_fedavg8,15,0.7904
0.1,48,teto_oraculo_fedavg8,50,0.8244
0.1,48,teto_oraculo_fedavg8,150,0.8497
0.1,49,teto_fedavg10,15,0.8546999999999999
0.1,49,teto_fedavg10,50,0.8854
0.1,49,teto_fedavg10,150,0.8940000000000001
0.1,49,teto_oraculo_fedavg8,15,0.7897
0.1,49,teto_oraculo_fedavg8,50,0.8232999999999999
0.1,49,teto_oraculo_fedavg8,150,0.8501
0.1,50,teto_fedavg10,15,0.8562
0.1,50,teto_fedavg10,50,0.8841999999999999
0.1,50,teto_fedavg10,150,0.8941000000000001
0.1,50,teto_oraculo_fedavg8,15,0.7899
0.1,50,teto_oraculo_fedavg8,50,0.8247
0.1,50,teto_oraculo_fedavg8,150,0.8502000000000001
0.1,51,teto_fedavg10,15,0.8551
0.1,51,teto_fedavg10,50,0.8855000000000001
0.1,51,teto_fedavg10,150,0.8942
0.1,51,teto_oraculo_fedavg8,15,0.791
0.1,51,teto_oraculo_fedavg8,50,0.8247
0.1,51,teto_oraculo_fedavg8,150,0.8497
0.5,42,teto_fedavg10,15,0.9054
0.5,42,teto_fedavg10,50,0.9154000000000002
0.5,42,teto_fedavg10,150,0.9196
0.5,42,teto_oraculo_fedavg8,15,0.8985
0.5,42,teto_oraculo_fedavg8,50,0.9109
0.5,42,teto_oraculo_fedavg8,150,0.917
0.5,43,teto_fedavg10,15,0.9046
0.5,43,teto_fedavg10,50,0.916
0.5,43,teto_fedavg10,150,0.9190000000000002
0.5,43,teto_oraculo_fedavg8,15,0.8987
0.5,43,teto_oraculo_fedavg8,50,0.9108
0.5,43,teto_oraculo_fedavg8,150,0.9172
0.5,44,teto_fedavg10,15,0.9051000000000002
0.5,44,teto_fedavg10,50,0.9156
0.5,44,teto_fedavg10,150,0.9193
0.5,44,teto_oraculo_fedavg8,15,0.8981999999999999
0.5,44,teto_oraculo_fedavg8,50,0.9111
0.5,44,teto_oraculo_fedavg8,150,0.9164
0.5,45,teto_fedavg10,15,0.9054
0.5,45,teto_fedavg10,50,0.9153
0.5,45,teto_fedavg10,150,0.9191
0.5,45,teto_oraculo_fedavg8,15,0.899
0.5,45,teto_oraculo_fedavg8,50,0.9116
0.5,45,teto_oraculo_fedavg8,150,0.917
0.5,46,teto_fedavg10,15,0.9059
0.5,46,teto_fedavg10,50,0.9155
0.5,46,teto_fedavg10,150,0.9193
0.5,46,teto_oraculo_fedavg8,15,0.8987000000000002
0.5,46,teto_oraculo_fedavg8,50,0.911
0.5,46,teto_oraculo_fedavg8,150,0.9165
0.5,47,teto_fedavg10,15,0.9049
0.5,47,teto_fedavg10,50,0.9151
0.5,47,teto_fedavg10,150,0.9191
0.5,47,teto_oraculo_fedavg8,15,0.8988000000000002
0.5,47,teto_oraculo_fedavg8,50,0.9112
0.5,47,teto_oraculo_fedavg8,150,0.917
0.5,48,teto_fedavg10,15,0.9052
0.5,48,teto_fedavg10,50,0.9154000000000002
0.5,48,teto_fedavg10,150,0.9191
0.5,48,teto_oraculo_fedavg8,15,0.8986000000000001
0.5,48,teto_oraculo_fedavg8,50,0.911
0.5,48,teto_oraculo_fedavg8,150,0.9173
0.5,49,teto_fedavg10,15,0.9048
0.5,49,teto_fedavg10,50,0.9155
0.5,49,teto_fedavg10,150,0.9195
0.5,49,teto_oraculo_fedavg8,15,0.8986000000000001
0.5,49,teto_oraculo_fedavg8,50,0.9111
0.5,49,teto_oraculo_fedavg8,150,0.9169
0.5,50,teto_fedavg10,15,0.9049
0.5,50,teto_fedavg10,50,0.9156
0.5,50,teto_fedavg10,150,0.9192000000000002
0.5,50,teto_oraculo_fedavg8,15,0.8986000000000001
0.5,50,teto_oraculo_fedavg8,50,0.9113
0.5,50,teto_oraculo_fedavg8,150,0.9162
0.5,51,teto_fedavg10,15,0.9049
0.5,51,teto_fedavg10,50,0.9155
0.5,51,teto_fedavg10,150,0.9194
0.5,51,teto_oraculo_fedavg8,15,0.8987
0.5,51,teto_oraculo_fedavg8,50,0.9107999999999998
0.5,51,teto_oraculo_fedavg8,150,0.9169
