attack,seed,drift_500,S_swap,pi500_dist_center
LMP,100,0.46817341786066663,0.00010417649708501386,0.4748898559157051
LMP,101,0.4730785547104897,0.006667027939809486,0.46563394292269367
LMP,102,0.47137650834487066,0.0011911480907427184,0.4738639779584228
LMP,103,0.4659727776440463,0.00016557526541788193,0.47485288915956825
LMP,104,0.30649547472596167,0.019733314625918864,0.30342910858988764
EB,100,0.47453201316596594,0.00039300382418690916,0.47496254973413077
EB,101,0.40980015411973,0.006660382568836212,0.42360779151320466
EB,102,0.4617283154655364,0.009036873405624648,0.45883147331961666
EB,103,0.47543205595010024,0.001101998364066315,0.4747843347191164
EB,104,0.4913286076159622,1.1432301848827819e-05,0.47499028795672904
