attack,seed,condition,median_401_500,mean_451_500,n_resets_extra,n_steps
LMP,100,fixed,0.9660456730769231,0.9659094551282051,0,500
LMP,100,td3,0.9644431089743589,0.9647736378205128,3,500
LMP,100,steelman,0.9638922275641026,0.964140625,0,500
LMP,101,fixed,0.9652443910256411,0.9654467147435898,1,500
LMP,101,td3,0.9695012019230769,0.9696294070512821,0,500
LMP,101,steelman,0.9671474358974359,0.9669591346153846,0,500
LMP,102,fixed,0.9675480769230769,0.9680408653846154,0,500
LMP,102,td3,0.9653445512820513,0.9656971153846153,0,500
LMP,102,steelman,0.9642427884615384,0.9634054487179488,0,500
LMP,103,fixed,0.962890625,0.963135016025641,0,500
LMP,103,td3,0.967197516025641,0.9668048878205127,0,500
LMP,103,steelman,0.9627403846153846,0.9630949519230769,1,500
LMP,104,fixed,0.9657451923076923,0.9655368589743588,0,500
LMP,104,td3,0.9676482371794872,0.9674979967948718,0,500
LMP,104,steelman,0.9647936698717949,0.9649779647435897,0,500
EB,100,fixed,0.8830629006410257,0.8810937499999999,1,500
EB,100,td3,0.8893229166666666,0.8249819711538461,6,500
EB,100,steelman,0.47571113782051283,0.45296674679487176,38,500
EB,101,fixed,0.9671474358974359,0.967421875,1,500
EB,101,td3,0.9653946314102564,0.9656049679487181,1,500
EB,101,steelman,0.9638421474358975,0.9639202724358974,1,500
EB,102,fixed,0.9669471153846154,0.9671274038461539,0,500
EB,102,td3,0.9662960737179487,0.9659835737179487,3,500
EB,102,steelman,0.8838141025641026,0.8298056891025641,1,500
EB,103,fixed,0.9644931891025641,0.9638701923076924,0,500
EB,103,td3,0.9665464743589743,0.9663782051282052,1,500
EB,103,steelman,0.43619791666666663,0.4217387820512821,36,500
EB,104,fixed,0.9621394230769231,0.962167467948718,1,500
EB,104,td3,0.9676482371794872,0.9678786057692307,3,500
EB,104,steelman,0.9669971955128205,0.9676221955128206,3,500
