seed,cosserver_only,sr_b025,sr_b075,sr_bin,sr_cosserver,sr_memof,sr_nomem,sr_only
52,0.8066368421052632,0.8246421052631578,0.7051842105263159,0.8127,0.8153894736842106,0.8175473684210527,0.8058894736842105,0.8035315789473684
53,0.8003105263157895,0.8238947368421052,0.723021052631579,0.8223473684210526,0.8067947368421052,0.8104315789473684,0.8054789473684211,0.8035578947368421
54,0.8267789473684211,0.8264368421052631,0.7235631578947368,0.8192736842105264,0.8120315789473684,0.8188947368421052,0.8074105263157895,0.8203947368421053
55,0.8230263157894736,0.8248000000000001,0.7111842105263159,0.8073789473684211,0.8235157894736842,0.8105842105263158,0.8146684210526316,0.8079578947368421
56,0.8086368421052631,0.8238684210526316,0.6833473684210526,0.8206947368421053,0.7983263157894737,0.8202263157894737,0.8154894736842104,0.8120315789473684
57,0.8185684210526315,0.824221052631579,0.6931052631578948,0.8159526315789474,0.8234631578947368,0.8114526315789474,0.8190578947368421,0.811678947368421
58,0.8291999999999999,0.8236473684210527,0.7121684210526316,0.8227842105263158,0.8493736842105264,0.8112842105263158,0.8133842105263158,0.809342105263158
59,0.8131315789473684,0.8246578947368421,0.6936894736842105,0.8241842105263157,0.8251894736842105,0.8213631578947368,0.8142842105263157,0.8074105263157895
60,0.7919263157894737,0.8245789473684211,0.6980684210526317,0.8235842105263158,0.8417368421052632,0.8176052631578948,0.8146736842105263,0.8024473684210527
61,0.8137315789473685,0.8258000000000001,0.7018000000000001,0.8233368421052631,0.8150000000000001,0.8137210526315789,0.8143947368421053,0.8114736842105263
