alpha,attack_type,seed,system,H,accuracy,sec
0.05,low_mag_backdoor,76,sr_only,15,0.7581,1585.103645324707
0.05,low_mag_backdoor,76,sr_only,50,0.7782,1585.103645324707
0.05,low_mag_backdoor,76,sr_only,150,0.8301000000000001,1585.103645324707
0.05,low_mag_backdoor,76,sr_bin,15,0.8404999999999999,1546.3125655651093
0.05,low_mag_backdoor,76,sr_bin,50,0.7849,1546.3125655651093
0.05,low_mag_backdoor,76,sr_bin,150,0.8267,1546.3125655651093
0.05,low_mag_backdoor,76,sr_b025,15,0.8419000000000001,1552.3445465564728
0.05,low_mag_backdoor,76,sr_b025,50,0.8468,1552.3445465564728
0.05,low_mag_backdoor,76,sr_b025,150,0.8763,1552.3445465564728
0.05,low_mag_backdoor,76,cosserver_only,15,0.8230000000000001,504.6559536457062
0.05,low_mag_backdoor,76,cosserver_only,50,0.8834,504.6559536457062
0.05,low_mag_backdoor,76,cosserver_only,150,0.8929,504.6559536457062
0.05,low_mag_backdoor,76,fltrust,15,0.6962999999999999,490.65899872779846
0.05,low_mag_backdoor,76,fltrust,50,0.8331,490.65899872779846
0.05,low_mag_backdoor,76,fltrust,150,0.8658000000000001,490.65899872779846
0.05,low_mag_backdoor,76,trimmed_mean,15,0.7651,410.6673331260681
0.05,low_mag_backdoor,76,trimmed_mean,50,0.8322999999999998,410.6673331260681
0.05,low_mag_backdoor,76,trimmed_mean,150,0.851,410.6673331260681
0.05,low_mag_backdoor,76,clustering,15,0.8312999999999999,543.8285567760468
0.05,low_mag_backdoor,76,clustering,50,0.8731,543.8285567760468
0.05,low_mag_backdoor,76,clustering,150,0.8869999999999999,543.8285567760468
0.05,low_mag_backdoor,76,median,15,0.6138999999999999,659.1849958896637
0.05,low_mag_backdoor,76,median,50,0.7579,659.1849958896637
0.05,low_mag_backdoor,76,median,150,0.7844,659.1849958896637
