alpha,attack_type,teto_oraculo,melhor_esqueleto,acc_melhor_esqueleto,gap_esqueleto_pp,gap_esq_ic95_lo,gap_esq_ic95_hi,melhor_global,acc_melhor_global,gap_global_pp,gap_glob_ic95_lo,gap_glob_ic95_hi,com_espaco,esqueleto_perde_p_regra_fixa
0.1,label_flipping,0.78963,fixed,0.7095,8.012999999999998,4.008991691283246,12.01700830871675,fixed,0.7095,8.012999999999998,4.008991691283246,12.01700830871675,True,False
0.05,label_flipping,0.77156,sr_only,0.71158,5.998000000000001,5.5229733285303455,6.473026671469658,sr_only,0.71158,5.998000000000001,5.5229733285303455,6.473026671469658,True,False
0.05,sign_flipping,0.77156,fixed,0.73006,4.150000000000001,-0.4150246848191569,8.71502468481916,fixed,0.73006,4.150000000000001,-0.4150246848191569,8.71502468481916,False,False
0.5,label_flipping,0.89864,fixed,0.77423,12.441000000000004,7.589641825607221,17.29235817439279,trimmed_mean,0.88595,1.268999999999999,1.2300438700117748,1.307956129988223,False,True
0.5,sign_flipping,0.89864,fixed,0.8915,0.7140000000000069,0.5931538413381446,0.834846158661869,fixed,0.8915,0.7140000000000069,0.5931538413381446,0.834846158661869,False,False
0.5,krum_collusion,0.89864,sr_only,0.8962999999999999,0.23400000000000865,0.20041291190894822,0.26758708809106907,sr_only,0.8962999999999999,0.23400000000000865,0.20041291190894822,0.26758708809106907,False,False
0.5,gaussian_noise,0.89864,sr_only,0.8965400000000001,0.20999999999999794,0.18639442643824355,0.23360557356175235,sr_only,0.8965400000000001,0.20999999999999794,0.18639442643824355,0.23360557356175235,False,False
0.5,trim_attack,0.89864,sr_only,0.8965799999999999,0.2059999999999995,0.1897572144782536,0.2222427855217454,sr_only,0.8965799999999999,0.2059999999999995,0.1897572144782536,0.2222427855217454,False,False
0.5,low_mag_backdoor,0.89864,fixed,0.89674,0.19000000000000128,-0.05711759012349427,0.4371175901234968,trimmed_mean,0.8985899999999999,0.0050000000000005596,-0.02285914893582749,0.032859148935828614,False,True
0.5,fltrust_aligned,0.89864,fixed,0.8908999999999999,0.7740000000000002,0.5962866328600896,0.9517133671399107,median,0.89978,-0.11400000000000633,-0.13511346685279507,-0.09288653314721758,False,True
0.05,low_mag_backdoor,0.77156,fixed,0.78253,-1.0969999999999969,-4.369413699656251,2.175413699656257,fixed,0.78253,-1.0969999999999969,-4.369413699656251,2.175413699656257,False,False
0.1,sign_flipping,0.78963,fixed,0.80909,-1.9460000000000053,-2.5165262219541544,-1.3754737780458564,fixed,0.80909,-1.9460000000000053,-2.5165262219541544,-1.3754737780458564,False,False
0.1,trim_attack,0.78963,fixed,0.81957,-2.993999999999999,-3.693297305135865,-2.294702694864133,fixed,0.81957,-2.993999999999999,-3.693297305135865,-2.294702694864133,False,False
0.05,gaussian_noise,0.77156,fixed,0.80413,-3.257000000000001,-3.3187264539459407,-3.195273546054061,fixed,0.80413,-3.257000000000001,-3.3187264539459407,-3.195273546054061,False,False
0.05,krum_collusion,0.77156,fixed,0.80451,-3.294999999999998,-3.351954670515321,-3.2380453294846747,fixed,0.80451,-3.294999999999998,-3.351954670515321,-3.2380453294846747,False,False
0.05,trim_attack,0.77156,fixed,0.8052199999999999,-3.366000000000001,-3.4618091735293497,-3.2701908264706523,fixed,0.8052199999999999,-3.366000000000001,-3.4618091735293497,-3.2701908264706523,False,False
0.1,low_mag_backdoor,0.78963,td3_ref,0.79408,-0.44500000000000206,-4.931897159825265,4.04189715982526,trimmed_mean,0.8310599999999999,-4.142999999999998,-4.177563247848203,-4.108436752151793,False,True
0.1,gaussian_noise,0.78963,sr_only,0.8412799999999999,-5.164999999999994,-5.217702813879795,-5.112297186120193,sr_only,0.8412799999999999,-5.164999999999994,-5.217702813879795,-5.112297186120193,False,False
0.1,krum_collusion,0.78963,fixed,0.8433300000000001,-5.369999999999999,-5.524645096386719,-5.21535490361328,fixed,0.8433300000000001,-5.369999999999999,-5.524645096386719,-5.21535490361328,False,False
