alpha,attack_type,H,melhor_existente,acc_melhor,gap_global_teto_oraculo8_uniforme_pp,gap_global_teto_oraculo8_uniforme_lo,gap_global_teto_oraculo8_uniforme_hi,gap_esqueleto_ref_teto_oraculo8_uniforme_pp,gap_esqueleto_ref_teto_oraculo8_uniforme_lo,gap_esqueleto_ref_teto_oraculo8_uniforme_hi,gap_global_teto_fedavg10_uniforme_pp,gap_global_teto_fedavg10_uniforme_lo,gap_global_teto_fedavg10_uniforme_hi,gap_esqueleto_ref_teto_fedavg10_uniforme_pp,gap_esqueleto_ref_teto_fedavg10_uniforme_lo,gap_esqueleto_ref_teto_fedavg10_uniforme_hi,espaco_global_or8u,espaco_esqref_or8u
0.05,gaussian_noise,15,sr_bin,0.8035500000000001,-0.023000000000000798,-0.07810776635219639,0.03210776635219479,-0.007999999999998009,-0.06022050972137108,0.04422050972137506,6.700999999999996,6.6713225058331105,6.730677494166882,6.715999999999998,6.681412084670707,6.75058791532929,False,False
0.05,gaussian_noise,50,sr_bin,0.8569599999999999,0.0020000000000042206,-0.04207176569054496,0.04607176569055341,0.014000000000007338,-0.046154289960451865,0.07415428996046655,3.823000000000006,3.803613373239671,3.8423866267603413,3.8350000000000093,3.7992719188552924,3.870728081144726,False,False
0.05,gaussian_noise,150,sr_bin,0.8795,-0.026999999999998137,-0.051094304271185186,-0.0029056957288110885,0.06099999999999439,0.02233688756023482,0.09966311243975395,2.4860000000000095,2.465157577336639,2.5068424226633796,2.574000000000002,2.539248082255933,2.6087519177440712,False,False
0.05,krum_collusion,15,sr_bin,0.80481,-0.14899999999999802,-0.2545915688803765,-0.04340843111961959,-0.11300000000000088,-0.17332890365129652,-0.05267109634870525,6.574999999999999,6.485255093621103,6.664744906378894,6.610999999999996,6.560253898970522,6.66174610102947,False,False
0.05,krum_collusion,50,sr_b025,0.85391,0.3070000000000017,0.24143212051979807,0.37256787948020537,1.1539999999999961,0.712751118538588,1.5952488814614043,4.128000000000004,4.083670953865302,4.172329046134705,4.974999999999998,4.548013882174972,5.401986117825024,False,False
0.05,krum_collusion,150,sr_b025,0.8718,0.7429999999999959,0.6816431135366113,0.8043568864633804,2.4400000000000013,1.6513246435642017,3.228675356435801,3.2560000000000033,3.199652555531629,3.3123474444683776,4.953000000000009,4.153028597544564,5.7529714024554535,False,True
0.05,label_flipping,15,cosserver_only,0.8043700000000001,-0.10499999999999843,-2.454454086883014,2.2444540868830165,9.177000000000005,8.730819485935443,9.623180514064567,6.618999999999999,4.263447392942573,8.974552607057424,15.901000000000002,15.456141682909944,16.34585831709006,False,True
0.05,label_flipping,50,cosserver_only,0.8048,5.217999999999999,-1.3753840597808238,11.811384059780822,18.532,16.976052410158402,20.087947589841594,9.039000000000001,2.455065988036002,15.622934011964002,22.353,20.786990762068083,23.919009237931917,False,True
0.05,label_flipping,150,fltrust,0.8513400000000001,2.7889999999999993,2.186451745644703,3.3915482543552957,18.612,16.89246028443907,20.331539715560925,5.302000000000007,4.686092890133196,5.9179071098668174,21.125000000000007,19.38971835805923,22.860281641940787,True,True
0.05,low_mag_backdoor,15,sr_b025,0.84145,-3.8129999999999984,-4.009142056975334,-3.6168579430246623,2.8590000000000004,0.023645806001260095,5.694354193998741,2.910999999999998,2.694928791549193,3.127071208450803,9.582999999999997,6.740226399023896,12.425773600976097,False,True
0.05,low_mag_backdoor,50,clustering,0.87335,-1.6370000000000016,-1.6914851769928203,-1.582514823007183,8.296000000000001,5.803811342470337,10.788188657529664,2.1840000000000006,2.1433650410431926,2.224634958956808,12.117000000000004,9.601998342925743,14.632001657074264,False,True
0.05,low_mag_backdoor,150,cosserver_only,0.8911,-1.1870000000000025,-2.603840357785336,0.22984035778533113,4.725,3.2009884895029024,6.2490115104970965,1.326000000000005,-0.09812211254944647,2.7501221125494566,7.238000000000007,5.713908090509621,8.762091909490392,False,True
0.05,sign_flipping,15,cosserver_only,0.7718999999999999,3.1420000000000026,-1.7275600940456908,8.011560094045695,6.157000000000002,3.382273581481316,8.931726418518688,9.866,4.999768383739074,14.732231616260927,12.880999999999998,10.097371004683298,15.664628995316699,False,True
0.05,sign_flipping,50,clustering,0.84841,0.8570000000000022,0.808593595378606,0.9054064046213984,4.898000000000004,0.6373427022229712,9.158657297777037,4.678000000000004,4.64903025328401,4.706969746715998,8.719000000000007,4.47039629263326,12.96760370736675,False,True
0.05,sign_flipping,150,clustering,0.87538,0.3849999999999987,0.344079194966927,0.42592080503307034,3.5000000000000018,2.287944345385724,4.7120556546142796,2.898000000000006,2.8649935153914283,2.931006484608584,6.01300000000001,4.798928587147637,7.227071412852382,False,True
0.05,trim_attack,15,sr_b025,0.80314,0.01800000000000246,-0.07476989796861291,0.11076989796861783,0.09999999999999565,0.05707858564175667,0.1429214143582346,6.741999999999999,6.652792065008723,6.831207934991276,6.823999999999993,6.7978353600463075,6.850164639953678,False,False
0.05,trim_attack,50,sr_b025,0.8539399999999999,0.30400000000000094,0.2587317286425381,0.3492682713574638,2.009000000000001,1.2509732960946214,2.76702670390538,4.125000000000003,4.092786867880928,4.157213132119077,5.830000000000004,5.074267946320371,6.585732053679635,False,True
0.05,trim_attack,150,sr_b025,0.8702099999999999,0.9019999999999982,0.8288297153856219,0.9751702846143746,2.1759999999999957,1.7271747420995238,2.624825257900467,3.4150000000000054,3.3501120504328914,3.4798879495671198,4.689000000000003,4.232546608684058,5.145453391315948,False,True
0.1,gaussian_noise,15,sr_only,0.84078,-0.17499999999999627,-0.2567199382837728,-0.09328006171621972,-0.17499999999999627,-0.2567199382837728,-0.09328006171621972,4.725000000000005,4.66197908206269,4.78802091793732,4.725000000000005,4.66197908206269,4.78802091793732,False,False
0.1,gaussian_noise,50,sr_only,0.8793099999999999,-0.022999999999994136,-0.06961117363246978,0.023611173632481514,-0.022999999999994136,-0.06961117363246978,0.023611173632481514,2.6740000000000075,2.6370283569772885,2.7109716430227264,2.6740000000000075,2.6370283569772885,2.7109716430227264,False,False
0.1,gaussian_noise,150,sr_bin,0.89459,-0.001000000000005441,-0.02565416919039454,0.023654169190383663,0.003999999999990678,-0.017645375549388033,0.02564537554936939,1.7730000000000004,1.737946700554572,1.8080532994454286,1.7779999999999963,1.7542025080474577,1.8017974919525348,False,False
0.1,krum_collusion,15,sr_bin,0.8446400000000001,-0.5609999999999993,-0.7709856516683857,-0.35101434833161277,1.0560000000000025,0.7619543733136837,1.3500456266863212,4.339000000000002,4.1173432256046745,4.56065677439533,5.956000000000004,5.649327719027906,6.262672280972102,False,False
0.1,krum_collusion,50,sr_b025,0.8740500000000001,0.5029999999999968,0.21570604032462673,0.7902939596753669,1.6590000000000005,1.1373782996198087,2.180621700380192,3.199999999999999,2.9409525482022683,3.459047451797729,4.3560000000000025,3.818881756848517,4.893118243151488,False,False
0.1,krum_collusion,150,sr_b025,0.89347,0.11099999999999223,0.07204387001176608,0.14995612998821836,0.6689999999999996,0.48422023555102317,0.853779764448976,1.8849999999999978,1.8581807405190973,1.9118192594808983,2.4430000000000054,2.2481376308476677,2.6378623691523426,False,False
0.1,label_flipping,15,cosserver_only,0.8242899999999999,1.4740000000000086,-1.9564464541407736,4.904446454140791,18.090999999999998,13.567057123290263,22.614942876709733,6.37400000000001,2.9312967147301685,9.81670328526985,22.991,18.45347705434618,27.528522945653823,False,True
0.1,label_flipping,50,cosserver_only,0.8548300000000001,2.4249999999999985,0.7254079035965071,4.1245920964034894,16.422000000000004,14.878641353018928,17.965358646981077,5.122,3.405968934045014,6.838031065954986,19.119000000000003,17.558069848565452,20.679930151434554,True,True
0.1,label_flipping,150,clustering,0.8911899999999999,0.33899999999999375,0.28323579936245236,0.3947642006375351,10.360999999999997,8.731425098067854,11.990574901932142,2.112999999999999,2.076986596906146,2.1490134030938526,12.135000000000003,10.490663458442004,13.779336541558004,False,True
0.1,low_mag_backdoor,15,sr_b025,0.8631399999999999,-2.4109999999999987,-2.794818590997849,-2.027181409002148,7.679999999999998,6.795730895902362,8.564269104097635,2.4890000000000025,2.1044414143478054,2.8735585856521992,12.58,11.720148801990346,13.439851198009652,False,True
0.1,low_mag_backdoor,50,sr_b025,0.88726,-0.8179999999999998,-1.0623827832740604,-0.5736172167259391,5.075,1.9601625549741697,8.189837445025832,1.8790000000000018,1.619263155212933,2.1387368447870707,7.772000000000003,4.644542292015839,10.899457707984167,False,True
0.1,low_mag_backdoor,150,sr_b025,0.90581,-1.1230000000000018,-1.168624843088805,-1.0773751569111985,2.366999999999996,2.008225550757217,2.7257744492427745,0.6510000000000038,0.6189283869930303,0.6830716130069773,4.141000000000002,3.7844129391291212,4.497587060870882,False,True
0.1,sign_flipping,15,cosserver_only,0.81014,2.8890000000000016,-0.6345431906670359,6.412543190667039,5.050999999999992,4.777009070071009,5.324990929928976,7.789000000000003,4.250913476753005,11.327086523247,9.950999999999993,9.699991148135155,10.202008851864832,False,True
0.1,sign_flipping,50,sr_b025,0.8707099999999999,0.8370000000000034,0.7757358537444949,0.8982641462555119,3.9650000000000034,3.2116095839382783,4.7183904160617285,3.534000000000005,3.4871272884021454,3.580872711597865,6.662000000000004,5.89678876650883,7.427211233491179,False,True
0.1,sign_flipping,150,sr_b025,0.88887,0.5709999999999948,0.5324842322747538,0.6095157677252359,2.935000000000001,2.557789108605167,3.3122108913948347,2.3450000000000006,2.3035271186820334,2.386472881317968,4.709000000000006,4.3180189288120925,5.09998107118792,False,True
0.1,trim_attack,15,sr_b025,0.83895,0.00800000000000134,-0.24488988035291603,0.2608898803529187,1.9989999999999997,1.6506237165829063,2.347376283417093,4.908000000000003,4.642068482267484,5.173931517732521,6.899000000000001,6.53613779983816,7.2618622001618425,False,False
0.1,trim_attack,50,clustering,0.87916,-0.007999999999998009,-0.04899715635980198,0.03299715635980596,9.374000000000002,7.418719621845907,11.329280378154097,2.6890000000000036,2.6606954003813654,2.7173045996186413,12.071000000000003,10.098238551481394,14.04376144851861,False,True
0.1,trim_attack,150,clustering,0.8943700000000001,0.020999999999996577,-0.015233766882448372,0.05723376688244153,0.4889999999999961,0.21209845144437678,0.7659015485556154,1.7950000000000021,1.772315677706044,1.8176843222939603,2.2630000000000017,1.9979626530169567,2.5280373469830466,False,False
0.5,fltrust_aligned,15,sr_b025,0.89198,0.45399999999999885,0.3810320370958608,0.5269679629041368,1.9440000000000048,0.8445967907193134,3.0434032092806964,1.294999999999994,1.2221841472943262,1.3678158527056616,2.7849999999999997,1.6903961421082057,3.879603857891793,False,False
0.5,fltrust_aligned,50,sr_b025,0.90891,0.06999999999999895,0.0013853759985273583,0.13861462400147054,0.6269999999999987,0.14425274042752226,1.109747259572475,0.7130000000000025,0.653144197311852,0.772855802688153,1.2700000000000022,0.7966496572532464,1.7433503427467578,False,False
0.5,fltrust_aligned,150,trimmed_mean,0.91428,0.31700000000000395,0.24682449627470565,0.38717550372530224,0.46900000000000275,0.34720478236137337,0.5907952176386322,0.6459999999999977,0.5793015194671999,0.7126984805327956,0.7979999999999965,0.6759086956206352,0.9200913043793576,False,False
0.5,gaussian_noise,15,sr_only,0.89628,0.024000000000000687,-0.028805207090874443,0.07680520709087582,0.024000000000000687,-0.028805207090874443,0.07680520709087582,0.8649999999999958,0.8076473880824155,0.922352611917576,0.8649999999999958,0.8076473880824155,0.922352611917576,False,False
0.5,gaussian_noise,50,sr_only,0.91145,-0.18399999999999972,-0.2257393709816132,-0.14226062901838624,-0.18399999999999972,-0.2257393709816132,-0.14226062901838624,0.45900000000000385,0.41185513954117936,0.5061448604588283,0.45900000000000385,0.41185513954117936,0.5061448604588283,False,False
0.5,gaussian_noise,150,sr_bin,0.9176599999999999,-0.020999999999994357,-0.05723376688243724,0.015233766882448527,-0.0009999999999943388,-0.027218912237580755,0.02521891223759208,0.3079999999999994,0.28349619777613727,0.3325038022238615,0.3279999999999994,0.3118978473029393,0.34410215269705946,False,False
0.5,krum_collusion,15,sr_bin,0.89809,-0.15699999999999492,-0.1866007584362165,-0.12739924156377336,0.004000000000013992,-0.029587088091051945,0.037587088091079926,0.6840000000000002,0.6587195572893457,0.7092804427106546,0.8450000000000091,0.8149796222518461,0.8750203777481721,False,False
0.5,krum_collusion,50,sr_bin,0.9115,-0.1890000000000025,-0.22346440136978576,-0.15453559863021923,-0.18200000000000216,-0.21431006694448002,-0.14968993305552433,0.4540000000000011,0.43577750066827786,0.47222249933172433,0.4610000000000014,0.44149640912112775,0.48050359087887506,False,False
0.5,krum_collusion,150,sr_b025,0.9149700000000001,0.2480000000000071,0.19743911457869445,0.2985608854213198,0.3300000000000025,0.28113182002953135,0.3788681799704737,0.5770000000000008,0.5285935953786081,0.6254064046213936,0.6589999999999963,0.6092725461227885,0.708727453877204,False,False
0.5,label_flipping,15,clustering,0.89366,0.2860000000000118,0.241619676756055,0.3303803232439686,16.403000000000002,12.440268454450083,20.365731545549927,1.1270000000000069,1.083676425520177,1.1703235744798366,17.244,13.269877503976844,21.218122496023152,False,True
0.5,label_flipping,50,cosserver_only,0.9028,0.6809999999999994,0.2809334569496569,1.0810665430503419,13.113999999999997,5.112809701958865,21.11519029804113,1.324000000000003,0.9176336194734618,1.7303663805265441,13.757000000000003,5.7565290065636185,21.757470993436385,False,True
0.5,label_flipping,150,cosserver_only,0.90807,0.9380000000000045,0.577206616381689,1.2987933836183199,20.53600000000001,12.722349792981241,28.349650207018772,1.2669999999999981,0.8985614845465201,1.6354385154534763,20.865000000000002,13.038454735715757,28.691545264284247,False,True
0.5,low_mag_backdoor,15,trimmed_mean,0.89861,-0.20899999999999475,-0.2360724760445314,-0.18192752395545803,0.23700000000000387,-0.09266925473135497,0.5666692547313628,0.6320000000000003,0.6030302532840092,0.6609697467159915,1.077999999999999,0.7499256795569851,1.4060743204430128,False,False
0.5,low_mag_backdoor,50,sr_b025,0.9129399999999999,-0.33299999999999996,-0.3707101591499475,-0.29528984085005244,0.06999999999999784,-0.16111428905365346,0.3011142890536491,0.3100000000000036,0.2790930492372597,0.3409069507627475,0.7130000000000014,0.4905340977196927,0.9354659022803101,False,False
0.5,low_mag_backdoor,150,sr_b025,0.91914,-0.16899999999999693,-0.2034644013697779,-0.134535598630216,-0.07499999999999729,-0.15823659119961786,0.00823659119962327,0.1599999999999968,0.12081828859327294,0.1991817114067207,0.25399999999999645,0.17035794765837467,0.33764205234161826,False,False
0.5,sign_flipping,15,clustering,0.89165,0.4870000000000041,0.4572077728247058,0.5167922271753024,0.7800000000000062,0.7234712115976977,0.8365287884023147,1.3279999999999992,1.3017052947545455,1.3542947052454526,1.6210000000000013,1.564025366402919,1.6779746335970835,False,False
0.5,sign_flipping,50,cosserver_only,0.9069899999999999,0.26200000000000334,0.016225186878993537,0.5077748131210131,0.9289999999999943,0.7632644998446813,1.0947355001553072,0.9050000000000068,0.6570268026058914,1.1529731973941222,1.5719999999999976,1.4015841604025323,1.742415839597463,False,False
0.5,sign_flipping,150,clustering,0.9136600000000001,0.3790000000000071,0.36919731896121954,0.3888026810387947,1.8410000000000037,1.2892680557626537,2.3927319442373536,0.7080000000000009,0.6872669871351808,0.728733012864821,2.1699999999999977,1.6204928913808754,2.7195071086191196,False,False
0.5,trim_attack,15,sr_only,0.8966100000000001,-0.008999999999994568,-0.036281694581651966,0.01828169458166283,-0.008999999999994568,-0.036281694581651966,0.01828169458166283,0.8320000000000004,0.8057052947545501,0.8582947052454508,0.8320000000000004,0.8057052947545501,0.8582947052454508,False,False
0.5,trim_attack,50,sr_bin,0.91103,-0.14199999999999768,-0.16914588595357494,-0.11485411404642044,-0.13499999999999956,-0.18039996571321093,-0.08960003428678821,0.5010000000000059,0.4735106791769713,0.5284893208230403,0.508000000000004,0.46405743941214167,0.5519425605878664,False,False
0.5,trim_attack,150,sr_bin,0.91432,0.31300000000000217,0.17929436998762874,0.4467056300123756,0.3880000000000017,0.2925714006601748,0.4834285993398285,0.6419999999999959,0.4997736457775032,0.7842263542224885,0.7169999999999954,0.6351549162550225,0.7988450837449683,False,False
