alpha,attack_type,seed,system,acc_uniforme,acc_ponderada,global_accuracy,escolhas,sec,acc_c0,acc_c1,acc_c2,acc_c3,acc_c4,acc_c5,acc_c6,acc_c7,acc_c8,acc_c9,n_test_c0,n_test_c1,n_test_c2,n_test_c3,n_test_c4,n_test_c5,n_test_c6,n_test_c7,n_test_c8,n_test_c9
0.1,sign_flipping,43,oracle_u,0.8324999999999999,0.8325,0.8324999999999999,fedavg|fedavg|clustering|clustering|clustering|clustering|fltrust|fltrust|fltrust|fltrust|fltrust|fltrust|fltrust|fltrust|fltrust,48.26946806907654,0.835,0.824,0.839,0.821,0.838,0.816,0.829,0.848,0.831,0.844,1000,1000,1000,1000,1000,1000,1000,1000,1000,1000
0.1,sign_flipping,43,oracle_w,0.8324999999999999,0.8325,0.8324999999999999,fedavg|fedavg|clustering|clustering|clustering|clustering|fltrust|fltrust|fltrust|fltrust|fltrust|fltrust|fltrust|fltrust|fltrust,49.40631818771362,0.835,0.824,0.839,0.821,0.838,0.816,0.829,0.848,0.831,0.844,1000,1000,1000,1000,1000,1000,1000,1000,1000,1000
0.1,sign_flipping,43,fixed,0.8105,0.8105,0.8105,,174.47894883155823,0.82,0.801,0.808,0.783,0.803,0.803,0.808,0.836,0.817,0.826,1000,1000,1000,1000,1000,1000,1000,1000,1000,1000
0.1,sign_flipping,43,sr_only,0.7886000000000001,0.7886,0.7886000000000001,,140.96578431129456,0.802,0.785,0.793,0.762,0.78,0.783,0.784,0.804,0.79,0.803,1000,1000,1000,1000,1000,1000,1000,1000,1000,1000
0.1,sign_flipping,43,td3_ref,0.8311,0.8311,0.8311,,180.42909336090088,0.831,0.824,0.845,0.815,0.825,0.819,0.819,0.853,0.831,0.849,1000,1000,1000,1000,1000,1000,1000,1000,1000,1000
0.1,sign_flipping,43,fltrust,0.6343,0.6343,0.6343,,30.961695671081543,0.631,0.632,0.665,0.622,0.639,0.606,0.65,0.637,0.602,0.659,1000,1000,1000,1000,1000,1000,1000,1000,1000,1000
0.1,sign_flipping,43,krum,0.19390000000000002,0.1939,0.19390000000000002,,32.03034949302673,0.208,0.189,0.202,0.182,0.208,0.183,0.203,0.193,0.187,0.184,1000,1000,1000,1000,1000,1000,1000,1000,1000,1000
0.1,sign_flipping,43,median,0.4197,0.4197,0.4197,,27.332870960235596,0.43,0.412,0.444,0.393,0.429,0.406,0.41,0.439,0.414,0.42,1000,1000,1000,1000,1000,1000,1000,1000,1000,1000
0.1,sign_flipping,43,trimmed_mean,0.43889999999999996,0.4389,0.43889999999999996,,44.26188778877258,0.445,0.433,0.461,0.409,0.453,0.42,0.432,0.457,0.432,0.447,1000,1000,1000,1000,1000,1000,1000,1000,1000,1000
