round,client,is_byz,S_R,weight,alpha,attack_type,variant,seed,final_accuracy
1,0,True,0.9386976957321167,0.0,0.1,krum_collusion,sr_only,53,0.8295
1,1,True,0.9422216415405273,0.0,0.1,krum_collusion,sr_only,53,0.8295
1,2,False,0.9681273698806763,0.1359263927040198,0.1,krum_collusion,sr_only,53,0.8295
1,3,False,0.9729487299919128,0.1581947360278114,0.1,krum_collusion,sr_only,53,0.8295
1,4,False,0.9476617574691772,0.0,0.1,krum_collusion,sr_only,53,0.8295
1,5,False,0.9785692691802979,0.18415423571755385,0.1,krum_collusion,sr_only,53,0.8295
1,6,False,0.9774311184883118,0.17889747625992922,0.1,krum_collusion,sr_only,53,0.8295
1,7,False,0.9597562551498413,0.09726285118704484,0.1,krum_collusion,sr_only,53,0.8295
1,8,False,0.9711616635322571,0.14994083908837688,0.1,krum_collusion,sr_only,53,0.8295
1,9,False,0.9594013094902039,0.09562346901526401,0.1,krum_collusion,sr_only,53,0.8295
2,0,True,0.8916953206062317,0.0,0.1,krum_collusion,sr_only,53,0.8295
2,1,True,0.8923178911209106,0.0,0.1,krum_collusion,sr_only,53,0.8295
2,2,False,0.9464316964149475,0.14095896870402796,0.1,krum_collusion,sr_only,53,0.8295
2,3,False,0.9098010659217834,0.0,0.1,krum_collusion,sr_only,53,0.8295
2,4,False,0.9559807777404785,0.16555008632609405,0.1,krum_collusion,sr_only,53,0.8295
2,5,False,0.9583717584609985,0.17170742085137422,0.1,krum_collusion,sr_only,53,0.8295
2,6,False,0.9255690574645996,0.0,0.1,krum_collusion,sr_only,53,0.8295
2,7,False,0.9650562405586243,0.1889215255282101,0.1,krum_collusion,sr_only,53,0.8295
2,8,False,0.9684403538703918,0.19763640873624985,0.1,krum_collusion,sr_only,53,0.8295
2,9,False,0.9442053437232971,0.13522558985404382,0.1,krum_collusion,sr_only,53,0.8295
3,0,True,0.8825132250785828,0.0,0.1,krum_collusion,sr_only,53,0.8295
3,1,True,0.8799311518669128,0.0,0.1,krum_collusion,sr_only,53,0.8295
3,2,False,0.9607723355293274,0.15278985196634878,0.1,krum_collusion,sr_only,53,0.8295
3,3,False,0.9203858375549316,0.0,0.1,krum_collusion,sr_only,53,0.8295
3,4,False,0.9394540190696716,0.11249822994304387,0.1,krum_collusion,sr_only,53,0.8295
3,5,False,0.9453331232070923,0.12360973784231379,0.1,krum_collusion,sr_only,53,0.8295
3,6,False,0.9651576280593872,0.16107805565340702,0.1,krum_collusion,sr_only,53,0.8295
3,7,False,0.9363058805465698,0.10654824755630751,0.1,krum_collusion,sr_only,53,0.8295
3,8,False,0.9701675176620483,0.17054674792237273,0.1,krum_collusion,sr_only,53,0.8295
3,9,False,0.9714280366897583,0.17292912911620617,0.1,krum_collusion,sr_only,53,0.8295
4,0,True,0.8717125654220581,0.0,0.1,krum_collusion,sr_only,53,0.8295
4,1,True,0.8808319568634033,0.0,0.1,krum_collusion,sr_only,53,0.8295
4,2,False,0.9530965089797974,0.15157234847799447,0.1,krum_collusion,sr_only,53,0.8295
4,3,False,0.9352924823760986,0.05920674833066225,0.1,krum_collusion,sr_only,53,0.8295
4,4,False,0.96257483959198,0.16922512822465455,0.1,krum_collusion,sr_only,53,0.8295
4,5,False,0.9618321657180786,0.16784194601082367,0.1,krum_collusion,sr_only,53,0.8295
4,6,False,0.8921384215354919,0.0,0.1,krum_collusion,sr_only,53,0.8295
4,7,False,0.945793092250824,0.13797020563345913,0.1,krum_collusion,sr_only,53,0.8295
4,8,False,0.9547004699707031,0.15455962242455856,0.1,krum_collusion,sr_only,53,0.8295
4,9,False,0.9574196934700012,0.1596240008978473,0.1,krum_collusion,sr_only,53,0.8295
5,0,True,0.9153444170951843,0.0,0.1,krum_collusion,sr_only,53,0.8295
5,1,True,0.9137691855430603,0.0,0.1,krum_collusion,sr_only,53,0.8295
5,2,False,0.9632863402366638,0.17340233302907843,0.1,krum_collusion,sr_only,53,0.8295
5,3,False,0.9481304883956909,0.12032860364116511,0.1,krum_collusion,sr_only,53,0.8295
5,4,False,0.9267791509628296,0.0,0.1,krum_collusion,sr_only,53,0.8295
5,5,False,0.955536961555481,0.14626506411373635,0.1,krum_collusion,sr_only,53,0.8295
5,6,False,0.945798397064209,0.11216193735716525,0.1,krum_collusion,sr_only,53,0.8295
5,7,False,0.943518877029419,0.10417936859559263,0.1,krum_collusion,sr_only,53,0.8295
5,8,False,0.9731745719909668,0.20802957416072299,0.1,krum_collusion,sr_only,53,0.8295
5,9,False,0.9525008797645569,0.13563311910253917,0.1,krum_collusion,sr_only,53,0.8295
6,0,True,0.8799582123756409,0.0,0.1,krum_collusion,sr_only,53,0.8295
6,1,True,0.8672376871109009,0.0,0.1,krum_collusion,sr_only,53,0.8295
6,2,False,0.9548385143280029,0.12010474632179224,0.1,krum_collusion,sr_only,53,0.8295
6,3,False,0.9413775205612183,0.10164910734030018,0.1,krum_collusion,sr_only,53,0.8295
6,4,False,0.9398177862167358,0.09951064011659255,0.1,krum_collusion,sr_only,53,0.8295
6,5,False,0.9688655734062195,0.13933648677162547,0.1,krum_collusion,sr_only,53,0.8295
6,6,False,0.9614019989967346,0.12910358441690892,0.1,krum_collusion,sr_only,53,0.8295
6,7,False,0.9621987342834473,0.1301959449862799,0.1,krum_collusion,sr_only,53,0.8295
6,8,False,0.9748721122741699,0.1475717266651859,0.1,krum_collusion,sr_only,53,0.8295
6,9,False,0.9638994932174683,0.13252776338131483,0.1,krum_collusion,sr_only,53,0.8295
7,0,True,0.8368623852729797,0.0,0.1,krum_collusion,sr_only,53,0.8295
7,1,True,0.833260178565979,0.0,0.1,krum_collusion,sr_only,53,0.8295
7,2,False,0.9221038222312927,0.1417362770094379,0.1,krum_collusion,sr_only,53,0.8295
7,3,False,0.8922361731529236,0.11377742455569005,0.1,krum_collusion,sr_only,53,0.8295
7,4,False,0.8961312174797058,0.11742354244557046,0.1,krum_collusion,sr_only,53,0.8295
7,5,False,0.9326302409172058,0.15158996807610312,0.1,krum_collusion,sr_only,53,0.8295
7,6,False,0.7706909775733948,0.0,0.1,krum_collusion,sr_only,53,0.8295
7,7,False,0.930750846862793,0.14983068327494903,0.1,krum_collusion,sr_only,53,0.8295
7,8,False,0.9688394069671631,0.18548506066968765,0.1,krum_collusion,sr_only,53,0.8295
7,9,False,0.9204167723655701,0.14015704396856174,0.1,krum_collusion,sr_only,53,0.8295
8,0,True,0.9074289202690125,0.0,0.1,krum_collusion,sr_only,53,0.8295
8,1,True,0.9005004167556763,0.0,0.1,krum_collusion,sr_only,53,0.8295
8,2,False,0.9696277379989624,0.11437735877340428,0.1,krum_collusion,sr_only,53,0.8295
8,3,False,0.959420919418335,0.09748926113364716,0.1,krum_collusion,sr_only,53,0.8295
8,4,False,0.9726648926734924,0.11940260383731283,0.1,krum_collusion,sr_only,53,0.8295
8,5,False,0.9792773127555847,0.13034344648081952,0.1,krum_collusion,sr_only,53,0.8295
8,6,False,0.9831635355949402,0.1367735510469433,0.1,krum_collusion,sr_only,53,0.8295
8,7,False,0.9811930656433105,0.1335132316167058,0.1,krum_collusion,sr_only,53,0.8295
8,8,False,0.9803646206855774,0.13214249506203474,0.1,krum_collusion,sr_only,53,0.8295
8,9,False,0.9826706647872925,0.1359580520491323,0.1,krum_collusion,sr_only,53,0.8295
9,0,True,0.7217897772789001,0.0,0.1,krum_collusion,sr_only,53,0.8295
9,1,True,0.7489039897918701,0.0,0.1,krum_collusion,sr_only,53,0.8295
9,2,False,0.9058516025543213,0.12805222630147764,0.1,krum_collusion,sr_only,53,0.8295
9,3,False,0.8454737663269043,0.08604722968353315,0.1,krum_collusion,sr_only,53,0.8295
9,4,False,0.8701309561729431,0.10320129218073412,0.1,krum_collusion,sr_only,53,0.8295
9,5,False,0.9153873324394226,0.13468625505442305,0.1,krum_collusion,sr_only,53,0.8295
9,6,False,0.938035249710083,0.15044246209659573,0.1,krum_collusion,sr_only,53,0.8295
9,7,False,0.931277871131897,0.14574133860396576,0.1,krum_collusion,sr_only,53,0.8295
9,8,False,0.9031535983085632,0.12617521867252912,0.1,krum_collusion,sr_only,53,0.8295
9,9,False,0.9024043679237366,0.12565397740674134,0.1,krum_collusion,sr_only,53,0.8295
10,0,True,0.8166923522949219,0.0,0.1,krum_collusion,sr_only,53,0.8295
10,1,True,0.8107922673225403,0.0,0.1,krum_collusion,sr_only,53,0.8295
10,2,False,0.9134891033172607,0.14144734519674856,0.1,krum_collusion,sr_only,53,0.8295
10,3,False,0.9202790260314941,0.15079930363555374,0.1,krum_collusion,sr_only,53,0.8295
10,4,False,0.902746319770813,0.12665099633215002,0.1,krum_collusion,sr_only,53,0.8295
10,5,False,0.9549537301063538,0.19855778411224453,0.1,krum_collusion,sr_only,53,0.8295
10,6,False,0.8708648681640625,0.0,0.1,krum_collusion,sr_only,53,0.8295
10,7,False,0.9360271692276001,0.17248968022107913,0.1,krum_collusion,sr_only,53,0.8295
10,8,False,0.9633011221885681,0.21005489050222403,0.1,krum_collusion,sr_only,53,0.8295
10,9,False,0.8867104053497314,0.0,0.1,krum_collusion,sr_only,53,0.8295
11,0,True,0.8853743672370911,0.0,0.1,krum_collusion,sr_only,53,0.8295
11,1,True,0.8736414313316345,0.0,0.1,krum_collusion,sr_only,53,0.8295
11,2,False,0.9498201012611389,0.13352768722869449,0.1,krum_collusion,sr_only,53,0.8295
11,3,False,0.9180765151977539,0.0,0.1,krum_collusion,sr_only,53,0.8295
11,4,False,0.9406368732452393,0.11743111847274781,0.1,krum_collusion,sr_only,53,0.8295
11,5,False,0.9579800367355347,0.1478306057863398,0.1,krum_collusion,sr_only,53,0.8295
11,6,False,0.9688507318496704,0.16688500485240468,0.1,krum_collusion,sr_only,53,0.8295
11,7,False,0.9442933201789856,0.12384022095497038,0.1,krum_collusion,sr_only,53,0.8295
11,8,False,0.9539157152175903,0.1407065715527789,0.1,krum_collusion,sr_only,53,0.8295
11,9,False,0.9705016613006592,0.16977879115206398,0.1,krum_collusion,sr_only,53,0.8295
12,0,True,0.9024356603622437,0.0,0.1,krum_collusion,sr_only,53,0.8295
12,1,True,0.9077792167663574,0.0,0.1,krum_collusion,sr_only,53,0.8295
12,2,False,0.9643073678016663,0.11561978412798836,0.1,krum_collusion,sr_only,53,0.8295
12,3,False,0.9482338428497314,0.08558315572334836,0.1,krum_collusion,sr_only,53,0.8295
12,4,False,0.963144838809967,0.11344736386312997,0.1,krum_collusion,sr_only,53,0.8295
12,5,False,0.9713340997695923,0.12875065228856525,0.1,krum_collusion,sr_only,53,0.8295
12,6,False,0.9800727367401123,0.14508056077046072,0.1,krum_collusion,sr_only,53,0.8295
12,7,False,0.9768751263618469,0.13910517982558487,0.1,krum_collusion,sr_only,53,0.8295
12,8,False,0.9718692302703857,0.12975065173164865,0.1,krum_collusion,sr_only,53,0.8295
12,9,False,0.9787788391113281,0.142662651669274,0.1,krum_collusion,sr_only,53,0.8295
13,0,True,0.8058578372001648,0.0,0.1,krum_collusion,sr_only,53,0.8295
13,1,True,0.8166641592979431,0.0,0.1,krum_collusion,sr_only,53,0.8295
13,2,False,0.9341416954994202,0.12890632252772216,0.1,krum_collusion,sr_only,53,0.8295
13,3,False,0.8971585631370544,0.09174373908509252,0.1,krum_collusion,sr_only,53,0.8295
13,4,False,0.8846871852874756,0.07921184710151447,0.1,krum_collusion,sr_only,53,0.8295
13,5,False,0.9326015114784241,0.1273586651622926,0.1,krum_collusion,sr_only,53,0.8295
13,6,False,0.952655017375946,0.1475094755082623,0.1,krum_collusion,sr_only,53,0.8295
13,7,False,0.962173342704773,0.1570739860478449,0.1,krum_collusion,sr_only,53,0.8295
13,8,False,0.9407469630241394,0.13554364040396732,0.1,krum_collusion,sr_only,53,0.8295
13,9,False,0.9378696084022522,0.13265232416330372,0.1,krum_collusion,sr_only,53,0.8295
14,0,True,0.785105288028717,0.0,0.1,krum_collusion,sr_only,53,0.8295
14,1,True,0.7906807661056519,0.0,0.1,krum_collusion,sr_only,53,0.8295
14,2,False,0.9186658263206482,0.166299042663606,0.1,krum_collusion,sr_only,53,0.8295
14,3,False,0.8593690395355225,0.0,0.1,krum_collusion,sr_only,53,0.8295
14,4,False,0.8483445048332214,0.0,0.1,krum_collusion,sr_only,53,0.8295
14,5,False,0.9285668730735779,0.1786270447624062,0.1,krum_collusion,sr_only,53,0.8295
14,6,False,0.8724419474601746,0.10874471635583567,0.1,krum_collusion,sr_only,53,0.8295
14,7,False,0.9410660862922668,0.19419007871613983,0.1,krum_collusion,sr_only,53,0.8295
14,8,False,0.9443244338035583,0.19824711591232683,0.1,krum_collusion,sr_only,53,0.8295
14,9,False,0.9087013006210327,0.15389200158968527,0.1,krum_collusion,sr_only,53,0.8295
15,0,True,0.9200670719146729,0.0,0.1,krum_collusion,sr_only,53,0.8295
15,1,True,0.9029020667076111,0.0,0.1,krum_collusion,sr_only,53,0.8295
15,2,False,0.9707615375518799,0.17302914263342703,0.1,krum_collusion,sr_only,53,0.8295
15,3,False,0.9567626714706421,0.13733461443064324,0.1,krum_collusion,sr_only,53,0.8295
15,4,False,0.934626042842865,0.0,0.1,krum_collusion,sr_only,53,0.8295
15,5,False,0.9709413051605225,0.17348751690027137,0.1,krum_collusion,sr_only,53,0.8295
15,6,False,0.9863871335983276,0.21287153240475057,0.1,krum_collusion,sr_only,53,0.8295
15,7,False,0.9398423433303833,0.0,0.1,krum_collusion,sr_only,53,0.8295
15,8,False,0.9623215198516846,0.15150865318211443,0.1,krum_collusion,sr_only,53,0.8295
15,9,False,0.9624234437942505,0.1517685404487934,0.1,krum_collusion,sr_only,53,0.8295
