a5,seed,primaria,secundaria,resets,massa_atac,excluidos,atac_excluidos,a_fixed
centro_passo2,100,0.8830629006410257,0.9037782451923076,1,2.0786272093185196e-05,2.636,2.04,"[0.475, 0.475, 0.475, 0.475, 0.475]"
0.0,100,0.35757211538461536,0.3358729967948718,64,0.0008235681768130992,1.006,0.464,"[0.475, 0.475, 0.475, 0.475, 0.0]"
0.1,100,0.8329326923076923,0.6607986778846154,14,0.0010449096123510446,2.084,1.492,"[0.475, 0.475, 0.475, 0.475, 0.1]"
0.25,100,0.9660957532051282,0.915328125,1,1.2971471606768384e-05,2.256,2.04,"[0.475, 0.475, 0.475, 0.475, 0.25]"
0.95,100,0.9621394230769231,0.8822439903846154,2,0.0,5.146,2.012,"[0.475, 0.475, 0.475, 0.475, 0.95]"
0.475,100,0.9688000801282051,0.9365749198717949,0,7.472683854692106e-06,2.514,2.088,"[0.475, 0.475, 0.475, 0.475, 0.475]"
centro_passo2,101,0.9671474358974359,0.9146889022435898,1,0.0005659015461408708,2.676,1.972,"[0.475, 0.475, 0.475, 0.475, 0.475]"
0.0,101,0.3186598557692307,0.34120012019230767,66,0.0011071703792143819,1.008,0.442,"[0.475, 0.475, 0.475, 0.475, 0.0]"
0.1,101,0.7473958333333333,0.6500220352564101,15,0.00187603146524944,2.126,1.414,"[0.475, 0.475, 0.475, 0.475, 0.1]"
0.25,101,0.9664463141025641,0.9112005208333334,2,2.3473734301354612e-05,2.34,1.962,"[0.475, 0.475, 0.475, 0.475, 0.25]"
0.95,101,0.9614883814102564,0.925472155448718,0,0.0,4.596,2.016,"[0.475, 0.475, 0.475, 0.475, 0.95]"
0.475,101,0.9631911057692308,0.9322185496794871,0,0.0002694338230623997,2.588,2.014,"[0.475, 0.475, 0.475, 0.475, 0.475]"
centro_passo2,102,0.9669471153846154,0.9323964342948718,0,0.0,2.542,2.036,"[0.475, 0.475, 0.475, 0.475, 0.475]"
0.0,102,0.35927483974358976,0.3381165865384615,65,0.001042750419931825,1.002,0.462,"[0.475, 0.475, 0.475, 0.475, 0.0]"
0.1,102,0.8121995192307692,0.6567606169871795,15,0.001459764395110354,2.066,1.442,"[0.475, 0.475, 0.475, 0.475, 0.1]"
0.25,102,0.9671474358974359,0.9356097756410257,0,8.015966141407289e-05,2.274,2.03,"[0.475, 0.475, 0.475, 0.475, 0.25]"
0.95,102,0.9618389423076923,0.8744250801282051,3,0.000481898419411077,5.058,1.924,"[0.475, 0.475, 0.475, 0.475, 0.95]"
0.475,102,0.9660957532051282,0.9319054487179488,0,0.0,2.514,2.036,"[0.475, 0.475, 0.475, 0.475, 0.475]"
centro_passo2,103,0.9644931891025641,0.9326666666666668,0,0.00018817449640543202,2.474,1.918,"[0.475, 0.475, 0.475, 0.475, 0.475]"
0.0,103,0.35071113782051283,0.36271033653846146,56,0.001288332323723444,1.008,0.44,"[0.475, 0.475, 0.475, 0.475, 0.0]"
0.1,103,0.7946213942307692,0.666357171474359,14,0.00123558064635526,2.276,1.392,"[0.475, 0.475, 0.475, 0.475, 0.1]"
0.25,103,0.9630408653846154,0.930987780448718,0,0.00010914666370948469,2.228,1.914,"[0.475, 0.475, 0.475, 0.475, 0.25]"
0.95,103,0.9613882211538463,0.9238679887820512,0,0.0,4.89,1.92,"[0.475, 0.475, 0.475, 0.475, 0.95]"
0.475,103,0.9659455128205128,0.9326191907051282,0,0.0,2.514,1.92,"[0.475, 0.475, 0.475, 0.475, 0.475]"
centro_passo2,104,0.9621394230769231,0.9118223157051282,1,0.0002176754549699511,2.576,1.864,"[0.475, 0.475, 0.475, 0.475, 0.475]"
0.0,104,0.3356370192307692,0.3499763621794872,60,0.0010454155138382639,1.006,0.426,"[0.475, 0.475, 0.475, 0.475, 0.0]"
0.1,104,0.7198517628205128,0.6570076121794872,14,0.0019179755518085994,2.17,1.314,"[0.475, 0.475, 0.475, 0.475, 0.1]"
0.25,104,0.9672475961538461,0.9171877003205129,1,8.054014482409286e-05,2.28,1.866,"[0.475, 0.475, 0.475, 0.475, 0.25]"
0.95,104,0.9668469551282051,0.9083621794871795,1,0.0,4.688,1.862,"[0.475, 0.475, 0.475, 0.475, 0.95]"
0.475,104,0.9685997596153846,0.9046812900641026,2,2.3524657905938394e-05,2.66,1.838,"[0.475, 0.475, 0.475, 0.475, 0.475]"
