alpha,attack_type,seed,accuracy,choices,n_fedavg,n_fedprox,n_median,n_trimmed_mean,n_fltrust,n_clustering,n_krum
0.5,fltrust_aligned,49,0.8727,fedavg|fedavg|krum|krum|krum|fedprox|krum|krum|fltrust|fedprox|krum|krum|krum|fltrust|krum,2,2,0,0,2,0,9
0.5,trim_attack,49,0.897,krum|clustering|clustering|clustering|clustering|clustering|clustering|clustering|clustering|clustering|clustering|clustering|clustering|clustering|clustering,0,0,0,0,0,14,1
0.5,krum_collusion,49,0.8919,krum|clustering|clustering|clustering|clustering|clustering|fedprox|fedavg|fedavg|fedavg|fedavg|fedavg|fedavg|fltrust|fltrust,6,1,0,0,2,5,1
0.5,low_mag_backdoor,49,0.906,krum|fedavg|fedavg|fedavg|fedavg|fedavg|fedavg|fedavg|fedavg|fedavg|fedavg|fedavg|fedavg|fedavg|fltrust,13,0,0,0,1,0,1
0.5,sign_flipping,49,0.8914,krum|clustering|krum|clustering|clustering|clustering|clustering|clustering|clustering|clustering|clustering|fltrust|fltrust|clustering|clustering,0,0,0,0,2,11,2
0.5,gaussian_noise,49,0.8941000000000001,krum|median|trimmed_mean|trimmed_mean|trimmed_mean|trimmed_mean|trimmed_mean|trimmed_mean|trimmed_mean|trimmed_mean|trimmed_mean|trimmed_mean|trimmed_mean|fltrust|fltrust,0,0,1,11,2,0,1
0.5,label_flipping,49,0.8915999999999998,krum|clustering|clustering|clustering|clustering|clustering|clustering|clustering|clustering|clustering|fltrust|fltrust|fltrust|fltrust|fltrust,0,0,0,0,5,9,1
0.1,fltrust_aligned,49,0.798,fedavg|krum|krum|fltrust|fltrust|median|krum|median|krum|median|krum|median|median|fltrust|krum,1,0,5,0,3,0,6
0.1,trim_attack,49,0.6296,fltrust|fltrust|fltrust|fltrust|fltrust|fltrust|fltrust|fltrust|fltrust|fltrust|fltrust|fltrust|fltrust|fltrust|fltrust,0,0,0,0,15,0,0
0.1,krum_collusion,49,0.7239,fedavg|fltrust|fltrust|fltrust|fedprox|fltrust|fltrust|fltrust|fltrust|fedprox|fltrust|fltrust|fltrust|fltrust|fltrust,1,2,0,0,12,0,0
0.1,low_mag_backdoor,49,0.8497,fltrust|clustering|clustering|fedprox|clustering|fltrust|fltrust|fltrust|fltrust|trimmed_mean|fltrust|fltrust|fltrust|fltrust|fltrust,0,1,0,1,10,3,0
0.1,sign_flipping,49,0.812,fedavg|fedavg|clustering|clustering|clustering|clustering|fltrust|fltrust|fltrust|fltrust|fltrust|fltrust|fltrust|fltrust|krum,2,0,0,0,8,4,1
0.1,gaussian_noise,49,0.6228,fltrust|fltrust|fltrust|fltrust|fltrust|fltrust|fltrust|fltrust|fltrust|fltrust|fltrust|fltrust|fltrust|fltrust|fltrust,0,0,0,0,15,0,0
0.1,label_flipping,49,0.8100999999999999,fedavg|fedavg|clustering|clustering|median|fltrust|fltrust|fltrust|fltrust|fltrust|fltrust|fltrust|fltrust|fltrust|fltrust,2,0,1,0,10,2,0
0.05,fltrust_aligned,49,0.7444999999999998,fltrust|fltrust|fltrust|fltrust|fltrust|fltrust|fltrust|fltrust|fltrust|krum|fltrust|fltrust|fltrust|fltrust|fltrust,0,0,0,0,14,0,1
0.05,trim_attack,49,0.7161,clustering|fltrust|fltrust|fltrust|fltrust|fltrust|fltrust|fltrust|fltrust|fltrust|fltrust|fltrust|fltrust|fltrust|fltrust,0,0,0,0,14,1,0
0.05,krum_collusion,49,0.6856,fltrust|fltrust|fltrust|fltrust|fltrust|fltrust|fltrust|fltrust|fltrust|fltrust|fltrust|fltrust|fltrust|fltrust|fltrust,0,0,0,0,15,0,0
0.05,low_mag_backdoor,49,0.8489000000000001,fedavg|clustering|fltrust|fltrust|clustering|fltrust|fltrust|median|fltrust|fltrust|fltrust|clustering|fltrust|fltrust|fltrust,1,0,1,0,10,3,0
0.05,sign_flipping,49,0.6878,fltrust|fltrust|fltrust|fltrust|fltrust|fltrust|fltrust|fltrust|fltrust|fltrust|fltrust|fltrust|fltrust|fltrust|fltrust,0,0,0,0,15,0,0
0.05,gaussian_noise,49,0.7108,trimmed_mean|fltrust|fltrust|fltrust|fltrust|fltrust|fltrust|fltrust|fltrust|fltrust|fltrust|fltrust|fltrust|fltrust|fltrust,0,0,0,1,14,0,0
0.05,label_flipping,49,0.7454999999999999,fedavg|fedavg|clustering|fltrust|fltrust|fltrust|fltrust|fltrust|fltrust|fltrust|fltrust|fltrust|fltrust|fltrust|fltrust,2,0,0,0,12,1,0
