alpha,attack_type,mode,accuracy,seed
0.5,fltrust_aligned,fixed,0.892,45
0.5,trim_attack,fixed,0.8958999999999999,45
0.5,krum_collusion,fixed,0.8936,45
0.5,low_mag_backdoor,fixed,0.8962,45
0.5,sign_flipping,fixed,0.8919,45
0.5,gaussian_noise,fixed,0.8962999999999999,45
0.5,label_flipping,fixed,0.8465999999999999,45
0.1,fltrust_aligned,fixed,0.7512,45
0.1,trim_attack,fixed,0.8297999999999999,45
0.1,krum_collusion,fixed,0.844,45
0.1,low_mag_backdoor,fixed,0.6916,45
0.1,sign_flipping,fixed,0.8179000000000001,45
0.1,gaussian_noise,fixed,0.8408999999999999,45
0.1,label_flipping,fixed,0.7659,45
0.05,fltrust_aligned,fixed,0.7503,45
0.05,trim_attack,fixed,0.8057000000000001,45
0.05,krum_collusion,fixed,0.8044,45
0.05,low_mag_backdoor,fixed,0.7754000000000001,45
0.05,sign_flipping,fixed,0.785,45
0.05,gaussian_noise,fixed,0.8039999999999999,45
0.05,label_flipping,fixed,0.7206,45
