round,client,is_byz,S_R,S_cl,S_cg,S_lg,norm,cos_median,l2_median,cos_server,final_weight
1,client_0,True,0.9050469994544983,1.0,0.9996355123739582,0.9996355123739582,3.8174635738774367,-0.6596913189275416,5.236814975000109,-0.5851121515371417,0.0
1,client_1,True,0.907507061958313,1.0,0.9996747387850391,0.9996747387850391,4.186520856400662,-0.6298884288476981,5.551606282808884,-0.5827259432411822,0.0
1,client_2,False,0.9696611762046814,1.0,0.9996849052958072,0.9996849052958072,3.0090492756275813,0.8682907978335693,1.6705138979053848,0.6037647674711588,0.13647242907568954
1,client_3,False,0.9581738114356995,1.0,0.9998457289111788,0.9998457289111788,3.144321997114906,0.8265768402832229,1.9167836495255495,0.6900167348380175,0.1136567026824278
1,client_4,False,0.9624970555305481,1.0,0.9996597231521658,0.9996597231521658,2.465550092233445,0.8242494236232132,1.406320404159885,0.5969005269010174,0.1211728907915266
1,client_5,False,0.966309666633606,1.0,0.9996466282685101,0.9996466282685101,3.022391314174296,0.905409787930364,1.5524153396363587,0.6707076849475536,0.1290889811515012
1,client_6,False,0.9660377502441406,1.0,0.9991170334366339,0.9991170334366339,1.8562473492130132,0.8184742768604033,1.1204090167718619,0.6595867910196971,0.1239985115867802
1,client_7,False,0.9707860946655273,1.0,0.9994255348944894,0.9994255348944894,2.1694045837285905,0.7300180152363743,1.508647052745126,0.5212090522566494,0.13662838284830575
1,client_8,False,0.9576660394668579,1.0,0.9999681908215339,0.9999681908215339,2.786983558874761,0.8493113805193012,1.5552744592759788,0.7450165637607159,0.11363225360620736
1,client_9,False,0.9650084376335144,1.0,0.9995294923011393,0.9995294923011393,2.8089116753466348,0.8150333837029577,1.682526544468397,0.5708552724963634,0.12534984825756143
2,client_0,True,0.8574327230453491,0.9982317938231065,0.9975904519293124,0.9996421520591618,2.9214401158009053,-0.6213069665799942,3.4393670907405345,-0.37609013794203044,0.0
2,client_1,True,0.8626751899719238,0.9988252431545948,0.9986741488402189,0.9995813365672668,3.2760904973450033,-0.5873809126089274,3.767147442243958,-0.3918742395844168,0.0
2,client_2,False,0.9316747188568115,0.9988422499071905,0.9996921107509227,0.9992294490992797,1.5923232232120574,0.7650514998901871,1.126495315377723,0.19230511778432036,0.13582642508240322
2,client_3,False,0.9438090324401855,0.9987476311793897,0.9997844161275022,0.9997971014176799,1.748896711136198,0.705275921687715,1.3301183752286063,0.25988149968434726,0.15835058325246007
2,client_4,False,0.9197870492935181,0.9997541843244864,0.9995787336039057,0.999754584022502,1.2751877382706227,0.6933265028796451,0.9284074940609929,0.29170766732922787,0.11634563786725974
2,client_5,False,0.9431296586990356,0.9992104684376046,0.9996344059066242,0.9991077980787424,1.536799646714523,0.8440299992575314,0.9882424166772087,0.3568818220229773,0.15631638120891939
2,client_6,False,0.9104976654052734,0.9982632755982268,0.9997194094330906,0.9993040374955233,0.8964761020725016,0.6380934362387697,0.7132756090544742,0.4651802333330872,0.0
2,client_7,False,0.951256513595581,0.9996276376484572,0.9996896048235637,0.9993252142671194,1.128732477361704,0.5530310907930792,0.9490301720606117,-0.02811199829325555,0.17167981921584713
2,client_8,False,0.9225357174873352,0.9991425905965972,0.9996158886171145,0.9998913052156779,1.4703904626523554,0.7254673020293826,1.0598713395302068,0.4978234381953486,0.12081995238514688
2,client_9,False,0.9337794184684753,0.9993226528537549,0.9998724885589505,0.9993715069805116,1.5669869937434098,0.7451772579480885,1.1246859372587048,0.3636457400359921,0.14066120098796367
3,client_0,True,0.8367241621017456,0.9955015648292866,0.9992206394308045,0.9960348561453396,2.600037556047175,-0.47244671118099274,2.840322812321873,-0.3031726548237731,0.0
3,client_1,True,0.8346249461174011,0.9959519208102707,0.999597672292742,0.9979426456815872,2.9284315809345034,-0.4552778221986215,3.1586838118357536,-0.3438424835084523,0.0
3,client_2,False,0.930363655090332,0.9984110508431201,0.9996350208175526,0.9989772730433752,1.1398660507028737,0.6644896661772305,0.9056795548416714,0.10493110185561311,0.11170444749659107
3,client_3,False,0.9408532381057739,0.9997893814280763,0.9997313469522693,0.9996991750512836,1.2563851381937285,0.5574547612323789,1.0727457132084568,0.10109437338048972,0.1251399751029714
3,client_4,False,0.9393476247787476,0.99834155932888,0.999104889502719,0.9991216843111912,0.9774221256556948,0.6052406275556431,0.7908879672575849,0.23060327392587024,0.12139001565612072
3,client_5,False,0.9151846766471863,0.9985121052372405,0.9998038352616176,0.9988341746207492,1.0208928684666712,0.7485183670604282,0.7464122479164632,0.28202602354895273,0.09448448192058789
3,client_6,False,0.9525030851364136,0.9997790707208636,0.9999150826423149,0.9996951165349155,0.7101083777350694,0.5466513874149331,0.5977966495933682,0.48694220213276646,0.13869560157350505
3,client_7,False,0.9698966145515442,0.9995900361344443,0.9991206569438134,0.9995081541499573,0.8324789314531325,0.30903706414971527,0.8147937552426923,-0.1870164194643486,0.15732079269732302
3,client_8,False,0.944416344165802,0.9992758664565844,0.9995940000418151,0.9994686423127499,1.0354700421277767,0.5886804116664794,0.8521559496371459,0.383303003130619,0.12858444137734773
3,client_9,False,0.9388810396194458,0.9996655168366979,0.9997618444055341,0.9994876952569753,1.1632428864482225,0.6580608928054046,0.9310471590365372,0.31917690670802684,0.1226802441755531
4,client_0,True,0.835454523563385,0.9967803765146295,0.997897513610192,0.9989140051970469,2.4752054528646994,-0.28759515668140184,2.592806474246407,-0.2413807404099186,0.0
4,client_1,True,0.8435367941856384,0.9935356107680116,0.9977137052426022,0.9994217281301836,2.784371751068843,-0.28930641832059073,2.9003629626956826,-0.29168984541585125,0.0
4,client_2,False,0.9088925123214722,0.9995794620731322,0.9997921638196479,0.9997958380975571,0.9666257069881685,0.6006638093860436,0.8099299248947528,0.11271246139249659,0.10336697129876166
4,client_3,False,0.9294432401657104,0.9995789316729695,0.9992331410482875,0.9996535826248845,1.0635587933351687,0.4348644432953367,0.9657557830969132,0.049164321306245436,0.12913180481542536
4,client_4,False,0.9228896498680115,0.9976232017859104,0.9993546294794271,0.9992346970673966,0.8228175021441065,0.5120992224878828,0.711608964342303,0.07302040959733258,0.11756878330776002
4,client_5,False,0.9160441756248474,0.9992586979505096,0.9997442635093288,0.9996022409490881,0.8265131146125592,0.6409732831658923,0.6626780607318254,0.2776712293802912,0.1119780868548454
4,client_6,False,0.9499503970146179,0.9997082923330411,0.9995081065871776,0.999817224924574,0.5770413817333208,0.3596285148098724,0.5540799046141517,0.16614843470360394,0.15656607884592555
4,client_7,False,0.9208916425704956,0.9958497945862204,0.998324517511987,0.9992640683224143,0.8111621711065891,0.23892279819036058,0.8008061987714691,-0.04647284451960791,0.11073744341336628
4,client_8,False,0.9381577372550964,0.9996913365901077,0.9995916413428394,0.9995784914563048,0.8414495259636624,0.4240559323270376,0.7622730326647248,0.332881551872884,0.14114609448699467
4,client_9,False,0.9292305111885071,0.9997563005084837,0.9994928302365846,0.9996257151920924,0.975193451573313,0.5365533471298897,0.8434677740762921,0.26552075725432056,0.12950473697692122
5,client_0,True,0.8604260683059692,0.9967933709830443,0.9989387081564172,0.9976728637147794,2.40428304693722,-0.1296764725138317,2.4573773773583794,-0.13135900321308044,0.0
5,client_1,True,0.8981176018714905,0.9982882050447817,0.9996788819775178,0.9970347643370254,2.7038608143949565,-0.11719357607130136,2.75170634082952,-0.20090609461004394,0.006850036023276264
5,client_2,False,0.9485179781913757,0.9983551573196854,0.9996680857415776,0.9992614616430795,0.8760150750259905,0.5130732780690325,0.7698439609281168,-0.07731402440936824,0.12700199680184548
5,client_3,False,0.9523946642875671,0.9985284258454585,0.9994455788374546,0.9986606701614642,0.954717803705842,0.34647421626692426,0.8967867096676249,-0.017051653508869103,0.13170651499245092
5,client_4,False,0.925510585308075,0.9977714142352114,0.9997919008547416,0.9990774004745879,0.7391107186476495,0.4189393237009234,0.6716006497734698,-0.0751172383971771,0.09418267411522314
5,client_5,False,0.9601370692253113,0.9987784788049716,0.9994339585528158,0.9992661187316703,0.7161654894481743,0.5151052343442459,0.6196445862927994,0.19909948087600995,0.14348157975661668
5,client_6,False,0.9477559924125671,0.9966965806460713,0.9990581156170513,0.999390242688454,0.511559625631209,0.25814419539519906,0.5171444567835318,0.1529620657938787,0.12254280927935203
5,client_7,False,0.9476795196533203,0.9975832043105741,0.9994625281168119,0.9973139260461727,0.8068346855592425,0.20210738923210547,0.7994330857781227,-0.026113258776384526,0.1221274191960373
5,client_8,False,0.9424593448638916,0.9996465229793898,0.9998825383721979,0.9995489544413203,0.7290069356387177,0.29007765714565614,0.7014551341250215,0.3354178298818704,0.12139087324746102
5,client_9,False,0.9494958519935608,0.9998553806892414,0.9996104726945447,0.9991795844275135,0.8626728157424631,0.4013600569767872,0.7925623594168256,0.19846979086732486,0.13071609658773717
6,client_0,True,0.8231406807899475,0.9919553636169964,0.9991065526331,0.9980574633695265,2.3551756363950753,-0.0034808385366119792,2.369410837130644,-0.15650471009482023,0.0
6,client_1,True,0.8634971976280212,0.9973435645596604,0.9992357214635963,0.9995455064547925,2.6356990235760054,0.009572860722962321,2.6452533743595605,-0.20859107868298804,0.0
6,client_2,False,0.9357080459594727,0.9987491220441516,0.9995345852775825,0.9997873806977482,0.789718013624905,0.4364513851779939,0.716644458453486,-0.028551029365406048,0.12907984339402614
6,client_3,False,0.9225044846534729,0.9989625830719322,0.9995437724533969,0.9996636399427408,0.8894856304061644,0.24947314466247608,0.8618620339681112,-0.01575001489509369,0.11627229047989213
6,client_4,False,0.9557711482048035,0.9982907441929261,0.9998728557331269,0.9994813629841788,0.710153057387137,0.36555903692848574,0.6610546002626688,-0.045175928184324865,0.14841903818593352
6,client_5,False,0.9345812797546387,0.9947949352305023,0.998736493405936,0.9990403773317305,0.629234326895902,0.40751388397170474,0.5746392758262633,0.2138500239770396,0.11679394500947593
6,client_6,False,0.9288434982299805,0.9998428854212233,0.9980925552100095,0.99876254604702,0.5043085845265295,0.21959150012686007,0.5116747017269503,-0.011754505256454842,0.11944963500492582
6,client_7,False,0.9161269664764404,0.9996247809620256,0.9995739241770276,0.9995104845483052,0.7695785297294598,0.11241946815113499,0.7822464715667036,0.08159005694081366,0.11115922727037697
6,client_8,False,0.9417911767959595,0.9988918979696952,0.9996953807379001,0.9996513723092695,0.6855799385987017,0.17413149170149944,0.6878678683379329,0.2907321744104688,0.13560209083477048
6,client_9,False,0.9289389848709106,0.9991887997929938,0.9997886456903224,0.9993231116004717,0.8067097066926505,0.3069001898983866,0.7677881328834879,0.19267248438934534,0.1232239298205991
7,client_0,True,0.7513024806976318,0.9913334761637638,0.9977839372668773,0.9992287777870359,2.3280271119168545,0.12191340071942389,2.3112108572995664,-0.16102521961087402,0.0
7,client_1,True,0.8084133863449097,0.9960315598494482,0.9988852336036662,0.9994340945947349,2.601952386473486,0.1362386855335458,2.580532442668174,-0.20645167043087925,0.0
7,client_2,False,0.9001922011375427,0.9983959407504783,0.9990638483765539,0.9991185473760051,0.7397957228333591,0.3650448354467171,0.6897151290218346,0.06413048848021206,0.11474215209040829
7,client_3,False,0.9246122241020203,0.9980071287132763,0.9991473858518383,0.999488673672366,0.8474546810149952,0.17569019707433842,0.8385464822157936,-0.04862099711632218,0.13296175208628072
7,client_4,False,0.9173364043235779,0.9979625359978446,0.9977806613521105,0.9997120941394133,0.6541803549076222,0.281655665238424,0.6296204246463066,0.027217728774291808,0.12664336719105967
7,client_5,False,0.8996818661689758,0.9981994600115589,0.9997157866503592,0.9985135417467337,0.5935642129697248,0.30483917155533913,0.567745292061771,0.18739418726619078,0.11422755545619707
7,client_6,False,0.9093166589736938,0.9904797573691713,0.9995439124144834,0.9977911916921542,0.47466691244346304,0.1732114929057459,0.49134221953337015,0.10508098632573933,0.11621660175983092
7,client_7,False,0.9504043459892273,0.9995266477388451,0.9995867290824194,0.9995675823414703,0.7906796203407438,0.07182299082404138,0.8081800357400283,-0.058212858209303005,0.15327660322432896
7,client_8,False,0.889987051486969,0.9969161637083208,0.9992543720079476,0.999653272050298,0.6497241674366202,0.08429714203433443,0.6716136340410434,0.26315092691246306,0.10705208239174273
7,client_9,False,0.9247468709945679,0.9998863882154445,0.999806208412384,0.9997277034565772,0.7551949484322303,0.22597823023717992,0.7383339722753957,0.15219483691188243,0.13487988580015167
8,client_0,True,0.8657033443450928,0.9950273887680576,0.9995449855840548,0.9930821717986658,2.3066106288650228,0.17738378321297898,2.2781939139126113,-0.09660368874707427,0.0
8,client_1,True,0.886680543422699,0.9968857632581096,0.9994616411463015,0.99657382760553,2.5715231768066937,0.1746285533380869,2.5426695572897025,-0.07687167894807088,0.0
8,client_2,False,0.9693828821182251,0.9956816110376041,0.9997386470708456,0.9987792359301058,0.7202116086872725,0.33775590397910366,0.6784159819165856,-0.14721414112617182,0.12928527927021735
8,client_3,False,0.9681894183158875,0.997951946255971,0.9996605359870849,0.9983046465556871,0.8033655233476605,0.11603887745413916,0.8074026377851518,-0.18694933543234882,0.1277969882579373
8,client_4,False,0.9679476618766785,0.9945364655186071,0.9998074821914464,0.9970299812646601,0.6547600860154643,0.2738051625914597,0.6308366477236845,-0.013676859888822362,0.1260634459301847
8,client_5,False,0.950666069984436,0.9993557275273206,0.9997713482191659,0.999470494433002,0.5491340272010727,0.24140441984434413,0.5394603520544172,0.1357835923842259,0.10804751024711663
8,client_6,False,0.9696365594863892,0.9931355979005052,0.9984353386326921,0.9989877749581435,0.4867127491902447,0.14932105123606215,0.5022822693873612,0.21346522141809218,0.1278297677611899
8,client_7,False,0.965703010559082,0.9996215054715976,0.9996937646084796,0.9988986372375688,0.741107445370692,-0.0007427007390223826,0.7722324991427701,-0.09386447400108783,0.12561285401424893
8,client_8,False,0.9784708619117737,0.9995737593751797,0.9997020123917972,0.9990463182467972,0.6240224128835776,0.03425811326026096,0.6534620215252797,0.24934986453793168,0.1410590607513013
8,client_9,False,0.955975353717804,0.9996857867685649,0.9996628527082074,0.9994022963093818,0.7396410834963372,0.17532107910330524,0.7333409377420687,0.2789878296587793,0.11430509376780393
9,client_0,True,0.7099648118019104,0.9741571326363974,0.9836124296816713,0.999615302222173,2.2880727475961695,0.2423428354469758,2.2464214660709882,-0.12469750826333749,0.0
9,client_1,True,0.7422155141830444,0.995796424441652,0.999016235403881,0.9993077029989539,2.545101802607868,0.26326052394798766,2.4980248532315206,-0.2083872099120168,0.0
9,client_2,False,0.8616307973861694,0.9974494440274178,0.999410848576263,0.9995035643756518,0.6931530311455505,0.30207589263690215,0.660772012673075,-0.05873694209822006,0.12634530690803888
9,client_3,False,0.8990153670310974,0.998864832132029,0.9996949333980059,0.9994411659868478,0.7726637448713034,0.0885998118136969,0.7825529741490715,-0.06785561745690757,0.1523065373444486
9,client_4,False,0.820126473903656,0.9982502359685219,0.9993939494045825,0.9995392951602255,0.6266242080660245,0.2411275653242269,0.6109916770019007,-0.038548161970029464,0.0
9,client_5,False,0.8592713475227356,0.9996871266892844,0.999768250759483,0.9996751018905432,0.5393424767849391,0.17174439655797658,0.5441624829606938,0.20985104156607098,0.12647506791927207
9,client_6,False,0.9167318344116211,0.9995822990335697,0.9998652387909022,0.9996644764633515,0.46176810513276967,0.15720188916527353,0.4763117637791697,0.05409606043989991,0.1647443764699761
9,client_7,False,0.897634744644165,0.9946049444404426,0.9978048962541983,0.9996852774827494,0.7464592914986155,-0.015059916356423269,0.7785070783315489,-0.05365604954092456,0.1475076713190433
9,client_8,False,0.8990645408630371,0.9991189963562581,0.9996995283878942,0.9997118999886734,0.5940472112860437,-0.03736536468160614,0.6374696474223653,0.17074166553840098,0.1525887668234623
9,client_9,False,0.8668907880783081,0.9980441297696967,0.9990348027989073,0.9997114487402825,0.724787102988412,0.10914987782144762,0.7322702652803716,0.2598771615591888,0.13003227321575858
10,client_0,True,0.8084366321563721,0.977440259570566,0.998126978482089,0.9756102314562511,2.2696628024853878,0.1909244070359667,2.2396844257290556,-0.17621608269699746,0.0
10,client_1,True,0.8472641110420227,0.996278693815448,0.9994250950847108,0.998159252648297,2.526613115041244,0.2468267979536286,2.484139474137,-0.21157751462960625,0.0
10,client_2,False,0.9124354720115662,0.9915312889500649,0.9993397802711519,0.9982067472079066,0.6985823812696562,0.30111569949409506,0.6661898374382047,0.025179736284335705,0.13981556056008423
10,client_3,False,0.9108583927154541,0.9994215247118934,0.9995059241610917,0.9992792408840692,0.7353020857975684,0.05798276660083674,0.7515910946554483,-0.20103615605146868,0.15205900523636315
10,client_4,False,0.9072222113609314,0.9912945194641034,0.9986392053024638,0.9985968845246334,0.6759135643045622,0.20999096408868054,0.6637507007898822,0.13163824935794918,0.13465485849788203
10,client_5,False,0.8938015699386597,0.9988007114740136,0.9996671276383928,0.9993958629499899,0.5009275935302229,0.20658467021702911,0.500322292397752,0.14915174307134432,0.13732787270288066
10,client_6,False,0.9281657338142395,0.9936587968073234,0.9921567782201834,0.9997560530056728,0.48394906555258255,0.10649787338712831,0.5047708897069108,0.11414513430446133,0.14798432313900423
10,client_7,False,0.9245519638061523,0.9914223218188227,0.9976897818600086,0.9968021358987238,0.7057214599930365,0.024240459499753706,0.7298479293395105,-0.179723043631197,0.14549333270584985
10,client_8,False,0.8577976226806641,0.9990468109602981,0.9996510674242491,0.9994404616911996,0.5571051072472917,-0.04188066685775514,0.6012488414822456,0.16622635057125446,0.0
10,client_9,False,0.9035730957984924,0.9987906392389676,0.9998147610425183,0.9971800169643907,0.7248690479194376,0.08351202116063411,0.736445438879155,0.37293909630442607,0.14266504715793574
11,client_0,True,0.8232923150062561,0.9965002824872089,0.9995272385795453,0.9972939258087572,2.257199269217093,0.3438362311060046,2.1963183401761777,-0.2016331638791963,0.0
11,client_1,True,0.8633725047111511,0.9985236328265257,0.9995060909892568,0.9991166087349521,2.5158890737126876,0.35252971875287004,2.452366803529765,-0.24070869169993703,0.0
11,client_2,False,0.9201340675354004,0.9982074977842479,0.9998707274290282,0.9993893569316303,0.6462682774326075,0.2768429337749324,0.6213875180455574,-0.08362184015054726,0.11828255219167405
11,client_3,False,0.9298882484436035,0.9962988274222555,0.997931031044972,0.9994297701374777,0.7453571421680593,0.03323827189545385,0.7654138224102366,-0.0442260678253855,0.12308438358960219
11,client_4,False,0.9518497586250305,0.9962967760434103,0.9995785599495444,0.9982803197817427,0.6068434602666023,0.16926041610956455,0.6060448443089745,0.004547615497019613,0.14905705959191518
11,client_5,False,0.9134443402290344,0.999364042782988,0.9997605773701785,0.9995291071434671,0.4959778800707396,0.09898273080967841,0.5162735287527452,0.10840962210734793,0.11300534956291508
11,client_6,False,0.9397566914558411,0.9920874595838216,0.9998052033338225,0.9888901017132028,0.46605940664332307,0.1040892586946306,0.4878411161041737,0.023855503801975503,0.11457202975084124
11,client_7,False,0.9074430465698242,0.99644660254596,0.9997329073419932,0.9973220260445237,0.7309187150286437,-0.04371993266323346,0.7663572209724515,0.0050486539764420055,0.09716136160033811
11,client_8,False,0.943042516708374,0.9986057514796018,0.9986356464590287,0.9996859747408737,0.6155373890198383,-0.08967257418361124,0.6642829620508223,0.26842940928988374,0.1442720599005386
11,client_9,False,0.9421953558921814,0.9975819066572402,0.9981824534240644,0.9996723596395969,0.6946292231252644,-0.004143433444737852,0.7238128427344004,0.23622798041541623,0.1405652038121755
12,client_0,True,0.8851860761642456,0.9968194826294463,0.9994188885104311,0.998643421575115,2.2478505642117983,0.39211837948948186,2.1756796007023484,-0.14715136899080797,0.0
12,client_1,True,0.9050647616386414,0.9987002801225817,0.9991004588488628,0.9992980951569981,2.4991220792012903,0.4293433834694846,2.4182333616405747,-0.20069725916696338,0.0
12,client_2,False,0.9656176567077637,0.9997716652837807,0.9999461062464323,0.9997258498203758,0.6459882475523687,0.21631557921259223,0.6340529005908099,0.004685349102375607,0.12886506113248405
12,client_3,False,0.9708529710769653,0.9950621946905989,0.9998168009043389,0.9954693420581613,0.7396422536481776,-0.014110461606252499,0.7702858250054367,-0.07321254162851913,0.12697870187838664
12,client_4,False,0.9687891602516174,0.9995901012716424,0.9996550625947691,0.9997582556288309,0.5815569937934364,0.21635228641070856,0.5732662485764645,-0.19441799900725112,0.13337188910005698
12,client_5,False,0.9637541174888611,0.9996641096581589,0.9998189369441386,0.9995837613216785,0.4981590224037467,0.018256517209833532,0.5351890080552211,0.2834752045940985,0.12553591642144898
12,client_6,False,0.951326310634613,0.9992732839142702,0.9968970227923486,0.9994156906752498,0.43436858162020686,0.19735112928131446,0.44219397082321404,-0.18150137650717066,0.10238550177587248
12,client_7,False,0.9701128005981445,0.9986515854292446,0.9994529625706938,0.9994061084633072,0.7600580304804724,-0.12444612638101754,0.8114466508381809,0.20692966310923103,0.13400930342457412
12,client_8,False,0.9704656600952148,0.998392221279689,0.9997932757110617,0.9973649312120578,0.5707558796152244,-0.12045669337041705,0.6292309197731923,0.05850113703450947,0.1315558485581259
12,client_9,False,0.960300087928772,0.9987231933396916,0.9996661681554069,0.9982616588422353,0.6579427405094583,0.049878941928027,0.6792870846197223,0.14068780593950292,0.11729777770905077
13,client_0,True,0.7880061864852905,0.997645320833819,0.9995758158831081,0.9990792623650775,2.251238610425017,0.3898096542556441,2.181960522901627,-0.05003665075082363,0.0
13,client_1,True,0.8282470703125,0.9981825852890518,0.9983822147050703,0.9989683316288596,2.4957175321788667,0.3887209292934558,2.42589792639083,-0.19073225354031828,0.0
13,client_2,False,0.8938515782356262,0.9969593744199212,0.9992024127483929,0.9998337738259302,0.6337981707127048,0.26582870274727527,0.6116655204365307,-0.041551143195262784,0.11709319656054522
13,client_3,False,0.931907594203949,0.9990632434485849,0.9983651989391009,0.9997973033888381,0.7110857093457593,-0.002175002178636457,0.7383174380953601,-0.1373749449309408,0.16102449693581572
13,client_4,False,0.9298708438873291,0.9977870149910353,0.9997329716105263,0.9992620732996635,0.5988647980976458,0.157792227532251,0.6002025304888264,0.12121268889497719,0.15805374631624508
13,client_5,False,0.9195378422737122,0.9993784105028574,0.9992485518897007,0.9998104998198489,0.47264517165754427,0.05450989938776029,0.5020914525197799,0.10101821753988373,0.14832129551770432
13,client_6,False,0.8068896532058716,0.9992003629794768,0.9988078537855132,0.9985945206259774,0.4581878658638168,0.12603139192937352,0.4754253060863829,0.1925371466143867,0.0
13,client_7,False,0.9307870268821716,0.9996340823015186,0.999389701305406,0.9993269088830699,0.7290302680182706,-0.08987172168211432,0.7721247557507506,-0.1813180237849057,0.16088306529568502
13,client_8,False,0.8927286863327026,0.9990236426138401,0.9985437712605199,0.9996828331166983,0.5622234316636023,-0.16029563226541496,0.6248892261784148,0.08835380485355922,0.11750301173840247
13,client_9,False,0.9085447788238525,0.9998130962588616,0.9999048511170932,0.9998503000528005,0.6725323680874913,-0.014528682161443087,0.7035709484305828,0.24971509029933395,0.13712118763560222
14,client_0,True,0.700242817401886,0.9983531491829924,0.9985479601888565,0.9993120119899332,2.2343976071342158,0.38003710540435826,2.1697610243956857,-0.19298291177603188,0.0
14,client_1,True,0.7689580917358398,0.9986647791842425,0.9984506276118938,0.9979249460684825,2.4727376624341284,0.3368952227159207,2.4157469649727306,-0.2117499053950673,4.471099083910681e-05
14,client_2,False,0.9068499207496643,0.9987543751125412,0.9963626991130736,0.998940158370812,0.637199641475869,0.22455169624003005,0.6225895500373384,-0.02315324233894781,0.13694179316961763
14,client_3,False,0.8852815628051758,0.9975200882134874,0.9984678454381308,0.9984391537859225,0.6848982321594134,0.010913057894946877,0.7083921659908515,-0.2532868578578042,0.12338991532183803
14,client_4,False,0.8843986988067627,0.9991258159568979,0.9994254263856184,0.9996114245661973,0.6154751055335304,0.10561282991629799,0.6243791664489979,0.19463692256799547,0.12534334554189375
14,client_5,False,0.8866641521453857,0.9969009257798767,0.9996257889582041,0.9989096023142865,0.45756277077183677,0.08154815746975735,0.4804633477095072,0.13985563729961092,0.12517964157825073
14,client_6,False,0.8849233984947205,0.9967336384086636,0.9992544207934662,0.9986275052703466,0.4950820400817496,0.029241419121385386,0.5245944898746007,0.3260609844427324,0.1234178500866767
14,client_7,False,0.9132829308509827,0.9979728199627744,0.999622790992098,0.9994601667751997,0.6820423515909202,-0.0031800324855644603,0.7082034899155333,-0.2792501007426179,0.14406415289753485
14,client_8,False,0.8322346806526184,0.9989443560777762,0.9976067005911848,0.9984720907238498,0.5634718777428839,-0.1594294929454009,0.6220370860971417,0.24366276389424932,0.08792952781234525
14,client_9,False,0.8966665863990784,0.9993676725476206,0.9992533341253327,0.9998380789834154,0.6848734074335399,-0.036148706954832965,0.7168962547678019,0.38388256371906493,0.13368906260100394
15,client_0,True,0.837664008140564,0.9982586862239942,0.9992022008251,0.9963788059363685,2.2404995047065244,0.43427024667806713,2.163029615675087,-0.09263082917817708,0.0
15,client_1,True,0.928401529788971,0.9923274079531406,0.9995682981035383,0.9960041354583731,2.4823363231004367,0.42368691506420875,2.4062771742531646,-0.21239711290067093,0.0001932329269923715
15,client_2,False,0.9362905025482178,0.9950751065556442,0.999603672649297,0.98991740511772,0.6192722829747979,0.2816410058586069,0.5945540102254986,-0.08872384053181412,0.10412750264116635
15,client_3,False,0.9438811540603638,0.992252145676235,0.9982831753453294,0.9986007071600751,0.7044054496541571,-0.04226902368583224,0.7387410182071741,-0.05592249163761677,0.11810346283525586
15,client_4,False,0.9274723529815674,0.9992037878844793,0.9996739086834903,0.9980929240522411,0.5836583514238389,0.13324090738460426,0.5901763607997392,-0.04337075116280386,0.10521934127395527
15,client_5,False,0.9405803084373474,0.9990591897850196,0.9991312441725477,0.9994922397802304,0.45405424489330065,0.02805981170714676,0.48903151119419996,0.15429724615255064,0.12102090454233837
15,client_6,False,0.9536479711532593,0.9973485914428466,0.998895972474656,0.9979121680157717,0.45023975111893705,0.10773909608397639,0.470921049244654,0.06830484239465762,0.13291528208663864
15,client_7,False,0.9533566236495972,0.9989296589128485,0.999037368567574,0.9989045640720533,0.7241455173400718,-0.10099752478161973,0.7686564571731738,-0.07367930451885399,0.13485816478294127
15,client_8,False,0.961909294128418,0.9992003730832963,0.9994433998922501,0.9977669211748428,0.5636455395513191,-0.2015834002998691,0.6323890224459987,0.21196611550218578,0.14402073149881348
15,client_9,False,0.957968533039093,0.9982195409450898,0.9996312526641531,0.9984060141439168,0.6502957479015333,-0.03333074168584917,0.6850401654320099,0.18418162227140616,0.13954137741189848
