alpha,attack_type,seed,system,H,accuracy,sec,pretrain_sec
0.05,gaussian_noise,50,td3_ref,15,0.8032,1591.3380959033966,648.3651163578033
0.05,gaussian_noise,50,td3_ref,50,0.8574999999999999,1591.3380959033966,648.3651163578033
0.05,gaussian_noise,50,td3_ref,150,0.8782,1591.3380959033966,648.3651163578033
0.05,gaussian_noise,50,fixed,15,0.8046000000000001,1570.4107615947723,648.3651163578033
0.05,gaussian_noise,50,fixed,50,0.8576,1570.4107615947723,648.3651163578033
0.05,gaussian_noise,50,fixed,150,0.8778,1570.4107615947723,648.3651163578033
0.05,gaussian_noise,50,linucb,15,0.5456000000000001,399.88510823249817,648.3651163578033
0.05,gaussian_noise,50,linucb,50,0.6963999999999999,399.88510823249817,648.3651163578033
0.05,gaussian_noise,50,linucb,150,0.7377,399.88510823249817,648.3651163578033
0.05,gaussian_noise,50,dqn,15,0.2952,447.3302435874939,648.3651163578033
0.05,gaussian_noise,50,dqn,50,0.44370000000000004,447.3302435874939,648.3651163578033
0.05,gaussian_noise,50,dqn,150,0.44630000000000003,447.3302435874939,648.3651163578033
0.05,gaussian_noise,50,rand_rule,15,0.5543,565.4690108299255,648.3651163578033
0.05,gaussian_noise,50,rand_rule,50,0.5857999999999999,565.4690108299255,648.3651163578033
0.05,gaussian_noise,50,rand_rule,150,0.7416,565.4690108299255,648.3651163578033
0.05,gaussian_noise,50,rand_gradf,15,0.7171999999999998,360.9960141181946,648.3651163578033
0.05,gaussian_noise,50,rand_gradf,50,0.8051999999999999,360.9960141181946,648.3651163578033
0.05,gaussian_noise,50,rand_gradf,150,0.8393,360.9960141181946,648.3651163578033
0.05,gaussian_noise,50,arm_rule_fedavg,15,0.6319,621.8539206981659,648.3651163578033
0.05,gaussian_noise,50,arm_rule_fedavg,50,0.7177,621.8539206981659,648.3651163578033
0.05,gaussian_noise,50,arm_rule_fedavg,150,0.7578,621.8539206981659,648.3651163578033
0.05,gaussian_noise,50,arm_rule_fedprox,15,0.633,259.84491515159607,648.3651163578033
0.05,gaussian_noise,50,arm_rule_fedprox,50,0.7168,259.84491515159607,648.3651163578033
0.05,gaussian_noise,50,arm_rule_fedprox,150,0.7567,259.84491515159607,648.3651163578033
0.05,gaussian_noise,50,arm_rule_median,15,0.5626,582.1022753715515,648.3651163578033
0.05,gaussian_noise,50,arm_rule_median,50,0.6885,582.1022753715515,648.3651163578033
0.05,gaussian_noise,50,arm_rule_median,150,0.7352000000000001,582.1022753715515,648.3651163578033
0.05,gaussian_noise,50,arm_rule_trimmed_mean,15,0.737,657.0750825405121,648.3651163578033
0.05,gaussian_noise,50,arm_rule_trimmed_mean,50,0.8193999999999999,657.0750825405121,648.3651163578033
0.05,gaussian_noise,50,arm_rule_trimmed_mean,150,0.8421,657.0750825405121,648.3651163578033
0.05,gaussian_noise,50,arm_rule_fltrust,15,0.6648,469.67124009132385,648.3651163578033
0.05,gaussian_noise,50,arm_rule_fltrust,50,0.7641,469.67124009132385,648.3651163578033
0.05,gaussian_noise,50,arm_rule_fltrust,150,0.8440000000000001,469.67124009132385,648.3651163578033
0.05,gaussian_noise,50,arm_rule_clustering,15,0.6332,311.4383633136749,648.3651163578033
0.05,gaussian_noise,50,arm_rule_clustering,50,0.7204999999999999,311.4383633136749,648.3651163578033
0.05,gaussian_noise,50,arm_rule_clustering,150,0.7418,311.4383633136749,648.3651163578033
0.05,gaussian_noise,50,arm_rule_krum,15,0.3101,245.31069350242615,648.3651163578033
0.05,gaussian_noise,50,arm_rule_krum,50,0.35889999999999994,245.31069350242615,648.3651163578033
0.05,gaussian_noise,50,arm_rule_krum,150,0.41509999999999997,245.31069350242615,648.3651163578033
0.05,gaussian_noise,50,arm_gradf_fedavg,15,0.7589,352.7915213108063,648.3651163578033
0.05,gaussian_noise,50,arm_gradf_fedavg,50,0.8352,352.7915213108063,648.3651163578033
0.05,gaussian_noise,50,arm_gradf_fedavg,150,0.8548,352.7915213108063,648.3651163578033
0.05,gaussian_noise,50,arm_gradf_fedprox,15,0.7514000000000001,505.3768253326416,648.3651163578033
0.05,gaussian_noise,50,arm_gradf_fedprox,50,0.8326,505.3768253326416,648.3651163578033
0.05,gaussian_noise,50,arm_gradf_fedprox,150,0.8542,505.3768253326416,648.3651163578033
0.05,gaussian_noise,50,arm_gradf_median,15,0.7217,471.8058063983917,648.3651163578033
0.05,gaussian_noise,50,arm_gradf_median,50,0.8255000000000001,471.8058063983917,648.3651163578033
0.05,gaussian_noise,50,arm_gradf_median,150,0.8428999999999999,471.8058063983917,648.3651163578033
0.05,gaussian_noise,50,arm_gradf_trimmed_mean,15,0.7577,400.963410615921,648.3651163578033
0.05,gaussian_noise,50,arm_gradf_trimmed_mean,50,0.8422000000000001,400.963410615921,648.3651163578033
0.05,gaussian_noise,50,arm_gradf_trimmed_mean,150,0.8564999999999999,400.963410615921,648.3651163578033
0.05,gaussian_noise,50,arm_gradf_fltrust,15,0.6127999999999999,683.8354072570801,648.3651163578033
0.05,gaussian_noise,50,arm_gradf_fltrust,50,0.6711,683.8354072570801,648.3651163578033
0.05,gaussian_noise,50,arm_gradf_fltrust,150,0.7741000000000001,683.8354072570801,648.3651163578033
0.05,gaussian_noise,50,arm_gradf_clustering,15,0.7316,368.2901802062988,648.3651163578033
0.05,gaussian_noise,50,arm_gradf_clustering,50,0.8126999999999999,368.2901802062988,648.3651163578033
0.05,gaussian_noise,50,arm_gradf_clustering,150,0.8276999999999999,368.2901802062988,648.3651163578033
0.05,gaussian_noise,50,arm_gradf_krum,15,0.2952,590.2403826713562,648.3651163578033
0.05,gaussian_noise,50,arm_gradf_krum,50,0.44370000000000004,590.2403826713562,648.3651163578033
0.05,gaussian_noise,50,arm_gradf_krum,150,0.44630000000000003,590.2403826713562,648.3651163578033
